2013-12-31,00:02,:(,2	
2013-12-31,00:06,:(,1	
2013-12-31,00:11,:(,1	
2013-12-31,00:19,:(,1	
2013-12-31,00:22,:(,2	
2013-12-31,00:37,:(,1	
2013-12-31,00:45,:(,1	
2013-12-31,01:13,:(,1	
2013-12-31,01:19,:(,1	
2013-12-31,01:33,:(,2	
2013-12-31,01:34,:(,1	
2013-12-31,01:38,:(,1	
2013-12-31,01:44,:(,1	
2013-12-31,01:48,:(,1	
2013-12-31,01:53,:(,1	
2013-12-31,02:10,:(,1	
2013-12-31,02:53,:(,1	
2013-12-31,02:55,:(,1	
2013-12-31,03:05,:(,1	
2013-12-31,03:47,:(,1	
2013-12-31,03:49,:(,1	
2013-12-31,03:57,:(,1	
2013-12-31,04:03,:(,1	
2013-12-31,04:16,:(,1	
2013-12-31,04:19,:(,1	
2013-12-31,04:23,:(,1	
2013-12-31,04:36,:(,1	
2013-12-31,04:40,:(,2	
2013-12-31,04:50,:(,1	
2013-12-31,05:19,:(,1	
2013-12-31,05:20,:(,1	
2013-12-31,05:32,:(,1	
2013-12-31,06:10,:(,1	
2013-12-31,06:20,:(,1	
2013-12-31,06:45,:(,1	
2013-12-31,06:56,:(,1	
2013-12-31,07:16,:(,1	
2013-12-31,07:27,:(,1	
2013-12-31,07:29,:(,1	
2013-12-31,07:35,:(,2	
2013-12-31,08:24,:(,1	
2013-12-31,08:25,:(,1	
2013-12-31,08:28,:(,1	
2013-12-31,08:37,:(,1	
2013-12-31,08:56,:(,1	
2013-12-31,09:37,:(,1	
2013-12-31,10:09,:(,1	
2013-12-31,10:10,:(,1	
2013-12-31,10:26,:(,1	
2013-12-31,10:33,:(,1	
2013-12-31,10:42,:(,1	
2013-12-31,10:49,:(,1	
2013-12-31,10:56,:(,1	
2013-12-31,11:01,:(,1	
2013-12-31,11:06,:(,1	
2013-12-31,11:08,:(,1	
2013-12-31,11:30,:(,1	
2013-12-31,11:46,:(,1	
2013-12-31,12:33,:(,1	
2013-12-31,13:13,:(,1	
2013-12-31,13:32,:(,2	
2013-12-31,13:35,:(,1	
2013-12-31,13:47,:(,1	
2013-12-31,13:49,:(,1	
2013-12-31,13:54,:(,1	
2013-12-31,14:01,:(,1	
2013-12-31,14:26,:(,1	
2013-12-31,14:48,:(,1	
2013-12-31,14:53,:(,1	
2013-12-31,15:02,:(,1	
2013-12-31,15:05,:(,1	
2013-12-31,15:06,:(,2	
2013-12-31,15:46,:(,1	
2013-12-31,16:19,:(,1	
2013-12-31,16:48,:(,1	
2013-12-31,16:49,:(,1	
2013-12-31,16:50,:(,1	
2013-12-31,17:19,:(,1	
2013-12-31,17:25,:(,1	
2013-12-31,17:34,:(,1	
2013-12-31,17:48,:(,1	
2013-12-31,17:54,:(,1	
2013-12-31,18:18,:(,1	
2013-12-31,18:32,:(,1	
2013-12-31,18:36,:(,1	
2013-12-31,18:37,:(,2	
2013-12-31,18:40,:(,1	
2013-12-31,18:46,:(,1	
2013-12-31,18:48,:(,1	
2013-12-31,18:52,:(,1	
2013-12-31,19:15,:(,1	
2013-12-31,19:19,:(,1	
2013-12-31,19:22,:(,1	
2013-12-31,19:37,:(,1	
2013-12-31,19:40,:(,1	
2013-12-31,19:43,:(,1	
2013-12-31,19:44,:(,1	
2013-12-31,20:01,:(,2	
2013-12-31,20:14,:(,1	
2013-12-31,20:22,:(,1	
2013-12-31,20:36,:(,1	
2013-12-31,21:18,:(,1	
2013-12-31,21:37,:(,1	
2013-12-31,22:40,:(,1	
2013-12-31,22:47,:(,1	
2013-12-31,23:16,:(,1	
2013-12-31,23:22,:(,1	
2014-01-01,00:01,:(,1	
2014-01-01,00:11,:(,1	
2014-01-01,00:44,:(,1	
2014-01-01,01:03,:(,1	
2014-01-01,01:24,:(,1	
2014-01-01,01:44,:(,1	
2014-01-01,02:20,:(,2	
2014-01-01,02:37,:(,1	
2014-01-01,02:47,:(,1	
2014-01-01,02:58,:(,1	
2014-01-01,03:13,:(,1	
2014-01-01,03:22,:(,1	
2014-01-01,03:23,:(,1	
2014-01-01,03:49,:(,1	
2014-01-01,03:52,:(,1	
2014-01-01,03:59,:(,1	
2014-01-01,04:12,:(,1	
2014-01-01,04:22,:(,1	
2014-01-01,04:23,:(,1	
2014-01-01,04:28,:(,1	
2014-01-01,04:38,:(,1	
2014-01-01,04:46,:(,1	
2014-01-01,05:05,:(,1	
2014-01-01,05:08,:(,1	
2014-01-01,05:15,:(,1	
2014-01-01,05:20,:(,1	
2014-01-01,05:50,:(,1	
2014-01-01,06:10,:(,1	
2014-01-01,06:30,:(,1	
2014-01-01,06:39,:(,1	
2014-01-01,06:43,:(,1	
2014-01-01,07:17,:(,1	
2014-01-01,07:49,:(,1	
2014-01-01,07:53,:(,1	
2014-01-01,08:02,:(,1	
2014-01-01,08:07,:(,1	
2014-01-01,08:10,:(,1	
2014-01-01,08:14,:(,1	
2014-01-01,08:31,:(,1	
2014-01-01,08:32,:(,1	
2014-01-01,08:59,:(,1	
2014-01-01,09:04,:(,1	
2014-01-01,09:09,:(,1	
2014-01-01,09:10,:(,2	
2014-01-01,09:28,:(,1	
2014-01-01,09:33,:(,1	
2014-01-01,09:41,:(,1	
2014-01-01,09:59,:(,1	
2014-01-01,10:28,:(,1	
2014-01-01,10:35,:(,1	
2014-01-01,10:38,:(,1	
2014-01-01,10:52,:(,1	
2014-01-01,11:11,:(,1	
2014-01-01,11:26,:(,1	
2014-01-01,11:31,:(,1	
2014-01-01,11:48,:(,1	
2014-01-01,11:59,:(,1	
2014-01-01,12:15,:(,1	
2014-01-01,12:26,:(,1	
2014-01-01,12:42,:(,1	
2014-01-01,12:56,:(,1	
2014-01-01,12:58,:(,1	
2014-01-01,13:04,:(,1	
2014-01-01,13:05,:(,1	
2014-01-01,13:12,:(,1	
2014-01-01,13:40,:(,1	
2014-01-01,13:42,:(,1	
2014-01-01,14:26,:(,1	
2014-01-01,15:40,:(,1	
2014-01-01,15:54,:(,1	
2014-01-01,16:37,:(,1	
2014-01-01,17:38,:(,2	
2014-01-01,17:47,:(,1	
2014-01-01,18:07,:(,1	
2014-01-01,19:30,:(,1	
2014-01-01,19:39,:(,1	
2014-01-01,19:46,:(,1	
2014-01-01,20:44,:(,1	
2014-01-01,21:13,:(,1	
2014-01-01,21:16,:(,1	
2014-01-01,21:51,:(,1	
2014-01-01,22:02,:(,1	
2013-12-31,00:03,:),1	
2013-12-31,00:05,:),1	
2013-12-31,00:14,:),1	
2013-12-31,00:22,:),1	
2013-12-31,00:25,:),1	
2013-12-31,00:29,:),1	
2013-12-31,00:32,:),1	
2013-12-31,00:44,:),1	
2013-12-31,00:59,:),1	
2013-12-31,01:00,:),1	
2013-12-31,01:11,:),1	
2013-12-31,01:16,:),1	
2013-12-31,01:21,:),2	
2013-12-31,01:32,:),1	
2013-12-31,01:36,:),2	
2013-12-31,01:47,:),1	
2013-12-31,01:50,:),1	
2013-12-31,01:52,:),1	
2013-12-31,02:18,:),1	
2013-12-31,02:20,:),1	
2013-12-31,02:29,:),1	
2013-12-31,02:31,:),1	
2013-12-31,02:34,:),1	
2013-12-31,02:35,:),1	
2013-12-31,02:37,:),1	
2013-12-31,02:48,:),1	
2013-12-31,02:55,:),1	
2013-12-31,02:57,:),2	
2013-12-31,03:02,:),1	
2013-12-31,03:30,:),1	
2013-12-31,03:45,:),1	
2013-12-31,03:50,:),1	
2013-12-31,03:51,:),1	
2013-12-31,03:53,:),1	
2013-12-31,03:54,:),1	
2013-12-31,04:00,:),1	
2013-12-31,04:01,:),1	
2013-12-31,04:06,:),1	
2013-12-31,04:09,:),1	
2013-12-31,04:10,:),1	
2013-12-31,04:13,:),1	
2013-12-31,04:32,:),1	
2013-12-31,04:37,:),1	
2013-12-31,04:52,:),1	
2013-12-31,05:07,:),2	
2013-12-31,05:08,:),2	
2013-12-31,05:12,:),1	
2013-12-31,05:17,:),1	
2013-12-31,05:18,:),1	
2013-12-31,05:23,:),1	
2013-12-31,05:27,:),1	
2013-12-31,05:31,:),1	
2013-12-31,05:46,:),1	
2013-12-31,05:49,:),1	
2013-12-31,05:52,:),2	
2013-12-31,05:55,:),1	
2013-12-31,05:57,:),1	
2013-12-31,06:00,:),3	
2013-12-31,06:12,:),1	
2013-12-31,06:28,:),1	
2013-12-31,06:29,:),1	
2013-12-31,06:31,:),1	
2013-12-31,06:44,:),1	
2013-12-31,07:08,:),1	
2013-12-31,07:19,:),1	
2013-12-31,07:32,:),1	
2013-12-31,07:37,:),1	
2013-12-31,07:46,:),1	
2013-12-31,07:47,:),1	
2013-12-31,07:50,:),1	
2013-12-31,08:05,:),1	
2013-12-31,08:17,:),1	
2013-12-31,08:20,:),1	
2013-12-31,08:22,:),1	
2013-12-31,08:27,:),1	
2013-12-31,08:32,:),1	
2013-12-31,08:34,:),1	
2013-12-31,08:51,:),1	
2013-12-31,09:39,:),1	
2013-12-31,09:40,:),1	
2013-12-31,09:44,:),1	
2013-12-31,09:59,:),1	
2013-12-31,10:07,:),1	
2013-12-31,10:56,:),1	
2013-12-31,11:14,:),1	
2013-12-31,11:26,:),1	
2013-12-31,11:58,:),1	
2013-12-31,12:16,:),1	
2013-12-31,12:18,:),1	
2013-12-31,12:32,:),1	
2013-12-31,12:39,:),2	
2013-12-31,13:23,:),1	
2013-12-31,13:30,:),1	
2013-12-31,13:36,:),1	
2013-12-31,13:59,:),1	
2013-12-31,14:44,:),1	
2013-12-31,15:09,:),1	
2013-12-31,15:37,:),2	
2013-12-31,15:46,:),1	
2013-12-31,15:50,:),1	
2013-12-31,15:53,:),1	
2013-12-31,15:56,:),1	
2013-12-31,15:58,:),2	
2013-12-31,15:59,:),1	
2013-12-31,16:06,:),2	
2013-12-31,16:08,:),1	
2013-12-31,16:11,:),1	
2013-12-31,16:13,:),1	
2013-12-31,16:19,:),1	
2013-12-31,16:24,:),1	
2013-12-31,16:27,:),1	
2013-12-31,16:33,:),2	
2013-12-31,16:35,:),1	
2013-12-31,16:37,:),1	
2013-12-31,16:40,:),1	
2013-12-31,16:45,:),1	
2013-12-31,16:49,:),1	
2013-12-31,16:56,:),1	
2013-12-31,16:57,:),1	
2013-12-31,16:59,:),2	
2013-12-31,17:07,:),1	
2013-12-31,17:10,:),1	
2013-12-31,17:13,:),1	
2013-12-31,17:14,:),1	
2013-12-31,17:15,:),1	
2013-12-31,17:26,:),1	
2013-12-31,17:30,:),1	
2013-12-31,17:36,:),1	
2013-12-31,17:40,:),1	
2013-12-31,18:22,:),1	
2013-12-31,18:30,:),1	
2013-12-31,18:37,:),1	
2013-12-31,18:38,:),1	
2013-12-31,19:12,:),1	
2013-12-31,19:17,:),1	
2013-12-31,19:21,:),1	
2013-12-31,19:29,:),1	
2013-12-31,19:32,:),1	
2013-12-31,19:35,:),1	
2013-12-31,19:41,:),1	
2013-12-31,19:43,:),2	
2013-12-31,19:46,:),1	
2013-12-31,19:57,:),1	
2013-12-31,20:08,:),1	
2013-12-31,20:36,:),1	
2013-12-31,20:37,:),1	
2013-12-31,20:43,:),2	
2013-12-31,20:45,:),1	
2013-12-31,20:52,:),1	
2013-12-31,20:55,:),1	
2013-12-31,20:59,:),1	
2013-12-31,21:01,:),1	
2013-12-31,21:02,:),1	
2013-12-31,21:28,:),1	
2013-12-31,21:32,:),1	
2013-12-31,21:39,:),1	
2013-12-31,21:42,:),1	
2013-12-31,21:50,:),1	
2013-12-31,22:11,:),2	
2013-12-31,22:26,:),1	
2013-12-31,22:56,:),1	
2013-12-31,22:59,:),1	
2013-12-31,23:07,:),1	
2013-12-31,23:15,:),1	
2013-12-31,23:16,:),3	
2013-12-31,23:28,:),1	
2013-12-31,23:31,:),1	
2013-12-31,23:48,:),1	
2013-12-31,23:53,:),1	
2013-12-31,23:56,:),1	
2014-01-01,00:30,:),1	
2014-01-01,00:35,:),1	
2014-01-01,00:52,:),1	
2014-01-01,01:33,:),1	
2014-01-01,01:43,:),1	
2014-01-01,01:46,:),1	
2014-01-01,02:17,:),1	
2014-01-01,02:21,:),1	
2014-01-01,02:31,:),1	
2014-01-01,02:36,:),1	
2014-01-01,02:42,:),1	
2014-01-01,02:43,:),1	
2014-01-01,02:48,:),1	
2014-01-01,02:51,:),1	
2014-01-01,03:05,:),1	
2014-01-01,03:07,:),1	
2014-01-01,03:11,:),1	
2014-01-01,03:12,:),1	
2014-01-01,03:34,:),1	
2014-01-01,03:37,:),1	
2014-01-01,03:39,:),1	
2014-01-01,03:41,:),1	
2014-01-01,03:45,:),1	
2014-01-01,03:58,:),1	
2014-01-01,04:02,:),1	
2014-01-01,04:04,:),1	
2014-01-01,04:16,:),1	
2014-01-01,04:18,:),1	
2014-01-01,04:39,:),1	
2014-01-01,04:42,:),1	
2014-01-01,04:50,:),1	
2014-01-01,05:03,:),1	
2014-01-01,05:11,:),1	
2014-01-01,05:13,:),1	
2014-01-01,05:21,:),1	
2014-01-01,05:25,:),2	
2014-01-01,05:29,:),3	
2014-01-01,05:35,:),1	
2014-01-01,05:40,:),1	
2014-01-01,05:46,:),2	
2014-01-01,05:47,:),1	
2014-01-01,05:49,:),1	
2014-01-01,05:53,:),1	
2014-01-01,05:57,:),1	
2014-01-01,06:02,:),1	
2014-01-01,06:04,:),1	
2014-01-01,06:09,:),2	
2014-01-01,06:15,:),1	
2014-01-01,06:16,:),1	
2014-01-01,06:19,:),1	
2014-01-01,06:20,:),1	
2014-01-01,06:21,:),1	
2014-01-01,06:26,:),1	
2014-01-01,06:28,:),1	
2014-01-01,06:50,:),1	
2014-01-01,06:51,:),1	
2014-01-01,06:54,:),1	
2014-01-01,06:55,:),1	
2014-01-01,07:00,:),1	
2014-01-01,07:02,:),1	
2014-01-01,07:07,:),2	
2014-01-01,07:14,:),1	
2014-01-01,07:16,:),1	
2014-01-01,07:22,:),1	
2014-01-01,07:29,:),1	
2014-01-01,07:38,:),1	
2014-01-01,07:47,:),1	
2014-01-01,07:48,:),1	
2014-01-01,08:01,:),1	
2014-01-01,08:04,:),1	
2014-01-01,08:16,:),1	
2014-01-01,08:37,:),1	
2014-01-01,08:44,:),1	
2014-01-01,08:45,:),1	
2014-01-01,08:48,:),1	
2014-01-01,08:59,:),2	
2014-01-01,09:09,:),1	
2014-01-01,09:13,:),2	
2014-01-01,09:16,:),2	
2014-01-01,09:17,:),1	
2014-01-01,09:20,:),1	
2014-01-01,09:22,:),1	
2014-01-01,09:25,:),1	
2014-01-01,09:27,:),1	
2014-01-01,09:47,:),1	
2014-01-01,09:55,:),1	
2014-01-01,09:58,:),1	
2014-01-01,10:04,:),1	
2014-01-01,10:05,:),2	
2014-01-01,10:16,:),1	
2014-01-01,10:22,:),1	
2014-01-01,10:32,:),1	
2014-01-01,10:38,:),1	
2014-01-01,10:45,:),1	
2014-01-01,10:49,:),1	
2014-01-01,10:54,:),1	
2014-01-01,11:01,:),1	
2014-01-01,11:06,:),1	
2014-01-01,11:08,:),1	
2014-01-01,11:14,:),1	
2014-01-01,11:36,:),1	
2014-01-01,11:47,:),1	
2014-01-01,11:59,:),1	
2014-01-01,12:15,:),1	
2014-01-01,12:16,:),1	
2014-01-01,12:19,:),1	
2014-01-01,12:48,:),1	
2014-01-01,12:53,:),1	
2014-01-01,13:02,:),1	
2014-01-01,13:05,:),1	
2014-01-01,13:11,:),1	
2014-01-01,13:12,:),1	
2014-01-01,13:21,:),1	
2014-01-01,13:33,:),2	
2014-01-01,13:34,:),1	
2014-01-01,13:40,:),1	
2014-01-01,13:45,:),1	
2014-01-01,13:48,:),2	
2014-01-01,14:07,:),1	
2014-01-01,14:11,:),1	
2014-01-01,14:15,:),1	
2014-01-01,14:17,:),1	
2014-01-01,14:26,:),1	
2014-01-01,14:39,:),1	
2014-01-01,14:56,:),1	
2014-01-01,15:01,:),1	
2014-01-01,15:02,:),1	
2014-01-01,15:05,:),1	
2014-01-01,15:16,:),1	
2014-01-01,15:46,:),1	
2014-01-01,15:48,:),1	
2014-01-01,16:10,:),1	
2014-01-01,16:22,:),1	
2014-01-01,16:28,:),1	
2014-01-01,16:40,:),1	
2014-01-01,17:04,:),1	
2014-01-01,17:06,:),1	
2014-01-01,17:17,:),1	
2014-01-01,17:19,:),1	
2014-01-01,17:32,:),2	
2014-01-01,18:21,:),1	
2014-01-01,18:32,:),1	
2014-01-01,18:35,:),1	
2014-01-01,18:47,:),1	
2014-01-01,18:48,:),1	
2014-01-01,19:03,:),2	
2014-01-01,19:05,:),1	
2014-01-01,19:10,:),1	
2014-01-01,19:11,:),1	
2014-01-01,19:13,:),1	
2014-01-01,19:46,:),1	
2014-01-01,19:50,:),1	
2014-01-01,19:53,:),1	
2014-01-01,19:56,:),1	
2014-01-01,20:05,:),1	
2014-01-01,20:08,:),1	
2014-01-01,20:18,:),1	
2014-01-01,20:34,:),1	
2014-01-01,20:49,:),1	
2014-01-01,20:55,:),1	
2014-01-01,20:57,:),1	
2014-01-01,21:14,:),1	
2014-01-01,21:16,:),1	
2014-01-01,21:34,:),1	
2014-01-01,21:38,:),1	
2014-01-01,22:03,:),1	
2014-01-01,22:05,:),1	
2014-01-01,22:38,:),1	
2014-01-01,22:39,:),1	
2014-01-01,22:44,:),1	
2014-01-01,22:56,:),1	
2014-01-01,22:59,:),1	
2014-01-01,23:03,:),1	
2014-01-01,23:14,:),2	
2014-01-01,23:26,:),1	
2013-12-31,00:06,XD,1	
2013-12-31,00:13,XD,1	
2013-12-31,00:51,XD,1	
2013-12-31,00:56,XD,1	
2013-12-31,03:23,XD,1	
2013-12-31,03:44,XD,1	
2013-12-31,03:45,XD,1	
2013-12-31,03:54,XD,1	
2013-12-31,04:11,XD,1	
2013-12-31,05:09,XD,1	
2013-12-31,06:00,XD,1	
2013-12-31,06:42,XD,1	
2013-12-31,06:48,XD,1	
2013-12-31,07:37,XD,1	
2013-12-31,07:40,XD,1	
2013-12-31,07:44,XD,1	
2013-12-31,08:25,XD,1	
2013-12-31,08:45,XD,1	
2013-12-31,09:14,XD,1	
2013-12-31,09:33,XD,1	
2013-12-31,09:41,XD,1	
2013-12-31,09:53,XD,1	
2013-12-31,10:23,XD,1	
2013-12-31,10:45,XD,1	
2013-12-31,11:39,XD,1	
2013-12-31,12:01,XD,1	
2013-12-31,12:13,XD,1	
2013-12-31,12:21,XD,1	
2013-12-31,12:27,XD,1	
2013-12-31,12:31,XD,1	
2013-12-31,12:45,XD,1	
2013-12-31,13:04,XD,1	
2013-12-31,13:20,XD,1	
2013-12-31,13:29,XD,1	
2013-12-31,13:54,XD,1	
2013-12-31,15:05,XD,1	
2013-12-31,15:27,XD,1	
2013-12-31,15:58,XD,1	
2013-12-31,16:11,XD,1	
2013-12-31,16:18,XD,1	
2013-12-31,16:36,XD,1	
2013-12-31,16:40,XD,1	
2013-12-31,16:49,XD,1	
2013-12-31,16:51,XD,1	
2013-12-31,17:01,XD,1	
2013-12-31,17:09,XD,1	
2013-12-31,17:17,XD,1	
2013-12-31,17:49,XD,1	
2013-12-31,17:53,XD,1	
2013-12-31,18:16,XD,1	
2013-12-31,18:55,XD,1	
2013-12-31,19:11,XD,1	
2013-12-31,19:28,XD,1	
2013-12-31,20:10,XD,1	
2013-12-31,20:30,XD,1	
2013-12-31,20:33,XD,1	
2013-12-31,20:55,XD,1	
2013-12-31,21:15,XD,1	
2013-12-31,21:22,XD,1	
2013-12-31,21:24,XD,1	
2013-12-31,21:43,XD,1	
2013-12-31,21:48,XD,1	
2013-12-31,22:37,XD,1	
2013-12-31,23:00,XD,1	
2013-12-31,23:12,XD,1	
2014-01-01,00:20,XD,1	
2014-01-01,00:30,XD,1	
2014-01-01,00:44,XD,1	
2014-01-01,01:17,XD,1	
2014-01-01,01:32,XD,1	
2014-01-01,02:45,XD,1	
2014-01-01,02:58,XD,1	
2014-01-01,03:13,XD,1	
2014-01-01,04:03,XD,1	
2014-01-01,04:04,XD,1	
2014-01-01,04:13,XD,1	
2014-01-01,04:29,XD,1	
2014-01-01,04:30,XD,1	
2014-01-01,04:34,XD,1	
2014-01-01,05:18,XD,1	
2014-01-01,05:57,XD,1	
2014-01-01,05:59,XD,1	
2014-01-01,06:08,XD,1	
2014-01-01,06:11,XD,1	
2014-01-01,06:14,XD,1	
2014-01-01,06:45,XD,1	
2014-01-01,06:48,XD,1	
2014-01-01,07:06,XD,1	
2014-01-01,07:12,XD,1	
2014-01-01,07:31,XD,1	
2014-01-01,07:32,XD,1	
2014-01-01,07:54,XD,1	
2014-01-01,08:31,XD,1	
2014-01-01,08:34,XD,1	
2014-01-01,08:49,XD,1	
2014-01-01,09:22,XD,1	
2014-01-01,09:26,XD,1	
2014-01-01,09:48,XD,1	
2014-01-01,09:54,XD,1	
2014-01-01,10:07,XD,1	
2014-01-01,11:01,XD,1	
2014-01-01,11:15,XD,1	
2014-01-01,11:18,XD,1	
2014-01-01,11:22,XD,1	
2014-01-01,12:03,XD,1	
2014-01-01,12:08,XD,1	
2014-01-01,12:23,XD,1	
2014-01-01,13:34,XD,1	
2014-01-01,13:44,XD,1	
2014-01-01,14:11,XD,1	
2014-01-01,14:19,XD,1	
2014-01-01,14:25,XD,1	
2014-01-01,14:51,XD,1	
2014-01-01,15:24,XD,1	
2014-01-01,15:36,XD,1	
2014-01-01,16:47,XD,1	
2014-01-01,17:21,XD,1	
2014-01-01,18:44,XD,1	
2014-01-01,20:01,XD,1	
2014-01-01,20:19,XD,1	
2014-01-01,21:28,XD,1	
2014-01-01,21:58,XD,1	
2014-01-01,22:14,XD,1	
2014-01-01,22:17,XD,1	
2014-01-01,22:25,XD,1	
2014-01-01,22:34,XD,1	
2014-01-01,22:48,XD,1	
2013-12-31,00:06,happy,1	
2013-12-31,00:15,happy,1	
2013-12-31,00:27,happy,1	
2013-12-31,00:31,happy,1	
2013-12-31,01:03,happy,1	
2013-12-31,01:06,happy,1	
2013-12-31,01:12,happy,1	
2013-12-31,01:14,happy,1	
2013-12-31,01:24,happy,1	
2013-12-31,01:39,happy,1	
2013-12-31,02:14,happy,2	
2013-12-31,02:17,happy,1	
2013-12-31,02:24,happy,2	
2013-12-31,02:28,happy,1	
2013-12-31,02:39,happy,1	
2013-12-31,02:55,happy,1	
2013-12-31,03:00,happy,1	
2013-12-31,03:01,happy,1	
2013-12-31,03:10,happy,1	
2013-12-31,03:15,happy,1	
2013-12-31,03:17,happy,1	
2013-12-31,03:26,happy,1	
2013-12-31,03:27,happy,1	
2013-12-31,03:44,happy,1	
2013-12-31,03:45,happy,1	
2013-12-31,03:46,happy,1	
2013-12-31,03:52,happy,3	
2013-12-31,03:53,happy,1	
2013-12-31,03:59,happy,1	
2013-12-31,04:07,happy,1	
2013-12-31,04:09,happy,1	
2013-12-31,04:12,happy,1	
2013-12-31,04:13,happy,1	
2013-12-31,04:20,happy,1	
2013-12-31,04:25,happy,1	
2013-12-31,04:29,happy,1	
2013-12-31,04:34,happy,1	
2013-12-31,04:35,happy,1	
2013-12-31,04:36,happy,2	
2013-12-31,04:38,happy,2	
2013-12-31,04:42,happy,1	
2013-12-31,04:43,happy,1	
2013-12-31,04:53,happy,1	
2013-12-31,04:56,happy,1	
2013-12-31,04:58,happy,2	
2013-12-31,05:00,happy,2	
2013-12-31,05:03,happy,1	
2013-12-31,05:08,happy,1	
2013-12-31,05:10,happy,1	
2013-12-31,05:11,happy,1	
2013-12-31,05:16,happy,1	
2013-12-31,05:20,happy,1	
2013-12-31,05:22,happy,1	
2013-12-31,05:24,happy,2	
2013-12-31,05:26,happy,1	
2013-12-31,05:28,happy,3	
2013-12-31,05:33,happy,1	
2013-12-31,05:35,happy,1	
2013-12-31,05:50,happy,1	
2013-12-31,05:51,happy,1	
2013-12-31,05:53,happy,1	
2013-12-31,05:55,happy,1	
2013-12-31,06:01,happy,1	
2013-12-31,06:06,happy,1	
2013-12-31,06:14,happy,1	
2013-12-31,06:15,happy,1	
2013-12-31,06:17,happy,1	
2013-12-31,06:19,happy,1	
2013-12-31,06:21,happy,1	
2013-12-31,06:22,happy,1	
2013-12-31,06:25,happy,1	
2013-12-31,06:26,happy,2	
2013-12-31,06:29,happy,2	
2013-12-31,06:30,happy,1	
2013-12-31,06:31,happy,1	
2013-12-31,06:32,happy,1	
2013-12-31,06:33,happy,1	
2013-12-31,06:35,happy,1	
2013-12-31,06:36,happy,1	
2013-12-31,06:39,happy,1	
2013-12-31,06:41,happy,1	
2013-12-31,06:44,happy,2	
2013-12-31,06:45,happy,2	
2013-12-31,06:46,happy,2	
2013-12-31,06:51,happy,2	
2013-12-31,06:53,happy,2	
2013-12-31,07:06,happy,1	
2013-12-31,07:08,happy,1	
2013-12-31,07:10,happy,2	
2013-12-31,07:12,happy,3	
2013-12-31,07:14,happy,1	
2013-12-31,07:15,happy,1	
2013-12-31,07:18,happy,1	
2013-12-31,07:21,happy,1	
2013-12-31,07:22,happy,2	
2013-12-31,07:27,happy,1	
2013-12-31,07:29,happy,1	
2013-12-31,07:35,happy,2	
2013-12-31,07:36,happy,1	
2013-12-31,07:37,happy,1	
2013-12-31,07:39,happy,1	
2013-12-31,07:44,happy,1	
2013-12-31,07:45,happy,2	
2013-12-31,07:51,happy,2	
2013-12-31,07:52,happy,1	
2013-12-31,07:54,happy,1	
2013-12-31,07:55,happy,1	
2013-12-31,08:01,happy,1	
2013-12-31,08:03,happy,1	
2013-12-31,08:08,happy,1	
2013-12-31,08:12,happy,1	
2013-12-31,08:16,happy,1	
2013-12-31,08:22,happy,1	
2013-12-31,08:24,happy,1	
2013-12-31,08:26,happy,1	
2013-12-31,08:27,happy,1	
2013-12-31,08:29,happy,1	
2013-12-31,08:32,happy,2	
2013-12-31,08:36,happy,3	
2013-12-31,08:39,happy,1	
2013-12-31,08:42,happy,1	
2013-12-31,08:51,happy,1	
2013-12-31,08:52,happy,1	
2013-12-31,08:54,happy,1	
2013-12-31,09:04,happy,1	
2013-12-31,09:06,happy,2	
2013-12-31,09:07,happy,2	
2013-12-31,09:13,happy,1	
2013-12-31,09:21,happy,1	
2013-12-31,09:23,happy,1	
2013-12-31,09:25,happy,1	
2013-12-31,09:28,happy,1	
2013-12-31,09:31,happy,1	
2013-12-31,09:35,happy,1	
2013-12-31,09:36,happy,1	
2013-12-31,09:43,happy,1	
2013-12-31,09:48,happy,1	
2013-12-31,09:49,happy,1	
2013-12-31,09:56,happy,1	
2013-12-31,10:00,happy,1	
2013-12-31,10:05,happy,1	
2013-12-31,10:08,happy,1	
2013-12-31,10:09,happy,1	
2013-12-31,10:13,happy,1	
2013-12-31,10:14,happy,1	
2013-12-31,10:17,happy,1	
2013-12-31,10:20,happy,1	
2013-12-31,10:27,happy,1	
2013-12-31,10:37,happy,1	
2013-12-31,10:39,happy,1	
2013-12-31,10:44,happy,1	
2013-12-31,10:48,happy,1	
2013-12-31,10:53,happy,1	
2013-12-31,10:56,happy,1	
2013-12-31,10:57,happy,1	
2013-12-31,10:59,happy,2	
2013-12-31,11:01,happy,1	
2013-12-31,11:05,happy,1	
2013-12-31,11:07,happy,2	
2013-12-31,11:13,happy,1	
2013-12-31,11:15,happy,1	
2013-12-31,11:20,happy,2	
2013-12-31,11:23,happy,2	
2013-12-31,11:24,happy,1	
2013-12-31,11:28,happy,1	
2013-12-31,11:29,happy,2	
2013-12-31,11:30,happy,1	
2013-12-31,11:34,happy,2	
2013-12-31,11:35,happy,1	
2013-12-31,11:36,happy,1	
2013-12-31,11:37,happy,1	
2013-12-31,11:42,happy,1	
2013-12-31,11:44,happy,1	
2013-12-31,11:45,happy,1	
2013-12-31,11:47,happy,1	
2013-12-31,12:06,happy,1	
2013-12-31,12:08,happy,1	
2013-12-31,12:15,happy,1	
2013-12-31,12:17,happy,1	
2013-12-31,12:19,happy,1	
2013-12-31,12:21,happy,1	
2013-12-31,12:22,happy,1	
2013-12-31,12:23,happy,1	
2013-12-31,12:33,happy,1	
2013-12-31,12:47,happy,1	
2013-12-31,12:54,happy,1	
2013-12-31,12:57,happy,1	
2013-12-31,12:58,happy,1	
2013-12-31,13:01,happy,1	
2013-12-31,13:03,happy,1	
2013-12-31,13:06,happy,2	
2013-12-31,13:07,happy,1	
2013-12-31,13:09,happy,1	
2013-12-31,13:11,happy,1	
2013-12-31,13:15,happy,1	
2013-12-31,13:18,happy,1	
2013-12-31,13:19,happy,2	
2013-12-31,13:30,happy,1	
2013-12-31,13:35,happy,2	
2013-12-31,13:40,happy,1	
2013-12-31,13:41,happy,1	
2013-12-31,13:55,happy,1	
2013-12-31,13:57,happy,1	
2013-12-31,13:59,happy,1	
2013-12-31,14:01,happy,2	
2013-12-31,14:10,happy,1	
2013-12-31,14:15,happy,2	
2013-12-31,14:18,happy,1	
2013-12-31,14:20,happy,1	
2013-12-31,14:21,happy,1	
2013-12-31,14:22,happy,1	
2013-12-31,14:23,happy,1	
2013-12-31,14:24,happy,2	
2013-12-31,14:31,happy,2	
2013-12-31,14:35,happy,2	
2013-12-31,14:37,happy,1	
2013-12-31,14:38,happy,1	
2013-12-31,14:40,happy,3	
2013-12-31,14:41,happy,1	
2013-12-31,14:43,happy,1	
2013-12-31,14:47,happy,1	
2013-12-31,14:48,happy,1	
2013-12-31,14:56,happy,1	
2013-12-31,14:58,happy,1	
2013-12-31,14:59,happy,1	
2013-12-31,15:02,happy,1	
2013-12-31,15:03,happy,1	
2013-12-31,15:04,happy,2	
2013-12-31,15:05,happy,1	
2013-12-31,15:06,happy,1	
2013-12-31,15:07,happy,1	
2013-12-31,15:08,happy,1	
2013-12-31,15:09,happy,1	
2013-12-31,15:11,happy,1	
2013-12-31,15:12,happy,1	
2013-12-31,15:19,happy,2	
2013-12-31,15:21,happy,1	
2013-12-31,15:29,happy,1	
2013-12-31,15:31,happy,1	
2013-12-31,15:32,happy,1	
2013-12-31,15:35,happy,1	
2013-12-31,15:37,happy,1	
2013-12-31,15:38,happy,1	
2013-12-31,15:43,happy,1	
2013-12-31,15:45,happy,1	
2013-12-31,15:47,happy,1	
2013-12-31,15:48,happy,1	
2013-12-31,15:57,happy,1	
2013-12-31,15:59,happy,1	
2013-12-31,16:01,happy,1	
2013-12-31,16:03,happy,1	
2013-12-31,16:07,happy,1	
2013-12-31,16:10,happy,1	
2013-12-31,16:12,happy,1	
2013-12-31,16:13,happy,1	
2013-12-31,16:14,happy,1	
2013-12-31,16:15,happy,2	
2013-12-31,16:19,happy,1	
2013-12-31,16:21,happy,1	
2013-12-31,16:24,happy,1	
2013-12-31,16:35,happy,1	
2013-12-31,16:39,happy,1	
2013-12-31,16:46,happy,1	
2013-12-31,16:47,happy,1	
2013-12-31,16:48,happy,1	
2013-12-31,16:50,happy,1	
2013-12-31,16:51,happy,1	
2013-12-31,16:52,happy,1	
2013-12-31,16:54,happy,2	
2013-12-31,16:57,happy,1	
2013-12-31,16:58,happy,1	
2013-12-31,17:01,happy,1	
2013-12-31,17:02,happy,1	
2013-12-31,17:03,happy,1	
2013-12-31,17:06,happy,1	
2013-12-31,17:17,happy,1	
2013-12-31,17:18,happy,3	
2013-12-31,17:21,happy,1	
2013-12-31,17:22,happy,1	
2013-12-31,17:23,happy,1	
2013-12-31,17:25,happy,1	
2013-12-31,17:29,happy,1	
2013-12-31,17:30,happy,1	
2013-12-31,17:32,happy,1	
2013-12-31,17:35,happy,1	
2013-12-31,17:36,happy,1	
2013-12-31,17:39,happy,1	
2013-12-31,17:40,happy,3	
2013-12-31,17:45,happy,1	
2013-12-31,17:50,happy,1	
2013-12-31,17:53,happy,2	
2013-12-31,17:54,happy,1	
2013-12-31,17:55,happy,1	
2013-12-31,17:58,happy,1	
2013-12-31,18:00,happy,1	
2013-12-31,18:01,happy,1	
2013-12-31,18:02,happy,2	
2013-12-31,18:03,happy,1	
2013-12-31,18:04,happy,2	
2013-12-31,18:05,happy,2	
2013-12-31,18:06,happy,2	
2013-12-31,18:08,happy,1	
2013-12-31,18:09,happy,2	
2013-12-31,18:12,happy,1	
2013-12-31,18:13,happy,1	
2013-12-31,18:15,happy,2	
2013-12-31,18:16,happy,2	
2013-12-31,18:19,happy,2	
2013-12-31,18:20,happy,2	
2013-12-31,18:22,happy,1	
2013-12-31,18:23,happy,2	
2013-12-31,18:25,happy,1	
2013-12-31,18:26,happy,3	
2013-12-31,18:27,happy,1	
2013-12-31,18:28,happy,1	
2013-12-31,18:29,happy,1	
2013-12-31,18:33,happy,1	
2013-12-31,18:35,happy,1	
2013-12-31,18:41,happy,1	
2013-12-31,18:42,happy,1	
2013-12-31,18:49,happy,1	
2013-12-31,18:50,happy,1	
2013-12-31,18:51,happy,3	
2013-12-31,18:55,happy,1	
2013-12-31,19:02,happy,4	
2013-12-31,19:03,happy,1	
2013-12-31,19:05,happy,4	
2013-12-31,19:08,happy,2	
2013-12-31,19:09,happy,1	
2013-12-31,19:12,happy,4	
2013-12-31,19:16,happy,1	
2013-12-31,19:17,happy,2	
2013-12-31,19:18,happy,1	
2013-12-31,19:19,happy,1	
2013-12-31,19:22,happy,1	
2013-12-31,19:23,happy,1	
2013-12-31,19:24,happy,1	
2013-12-31,19:25,happy,1	
2013-12-31,19:32,happy,2	
2013-12-31,19:35,happy,2	
2013-12-31,19:39,happy,1	
2013-12-31,19:41,happy,1	
2013-12-31,19:42,happy,1	
2013-12-31,19:45,happy,2	
2013-12-31,19:47,happy,2	
2013-12-31,19:48,happy,1	
2013-12-31,19:50,happy,3	
2013-12-31,19:58,happy,2	
2013-12-31,20:01,happy,2	
2013-12-31,20:02,happy,1	
2013-12-31,20:03,happy,1	
2013-12-31,20:05,happy,1	
2013-12-31,20:07,happy,1	
2013-12-31,20:09,happy,1	
2013-12-31,20:14,happy,2	
2013-12-31,20:21,happy,1	
2013-12-31,20:28,happy,2	
2013-12-31,20:29,happy,1	
2013-12-31,20:35,happy,1	
2013-12-31,20:36,happy,1	
2013-12-31,20:39,happy,1	
2013-12-31,20:40,happy,1	
2013-12-31,20:44,happy,2	
2013-12-31,20:48,happy,1	
2013-12-31,20:49,happy,1	
2013-12-31,20:51,happy,1	
2013-12-31,20:52,happy,1	
2013-12-31,20:54,happy,1	
2013-12-31,20:57,happy,1	
2013-12-31,20:58,happy,1	
2013-12-31,21:00,happy,1	
2013-12-31,21:03,happy,1	
2013-12-31,21:05,happy,2	
2013-12-31,21:11,happy,1	
2013-12-31,21:13,happy,1	
2013-12-31,21:25,happy,1	
2013-12-31,21:27,happy,1	
2013-12-31,21:28,happy,1	
2013-12-31,21:37,happy,3	
2013-12-31,21:38,happy,1	
2013-12-31,21:43,happy,1	
2013-12-31,21:45,happy,1	
2013-12-31,21:51,happy,1	
2013-12-31,21:54,happy,1	
2013-12-31,22:02,happy,1	
2013-12-31,22:06,happy,1	
2013-12-31,22:13,happy,1	
2013-12-31,22:20,happy,1	
2013-12-31,22:37,happy,1	
2013-12-31,22:39,happy,1	
2013-12-31,22:42,happy,1	
2013-12-31,22:46,happy,1	
2013-12-31,22:51,happy,1	
2013-12-31,22:56,happy,1	
2013-12-31,22:59,happy,1	
2013-12-31,23:00,happy,1	
2013-12-31,23:09,happy,1	
2013-12-31,23:11,happy,2	
2013-12-31,23:13,happy,1	
2013-12-31,23:16,happy,1	
2013-12-31,23:23,happy,1	
2013-12-31,23:25,happy,1	
2013-12-31,23:42,happy,1	
2013-12-31,23:46,happy,1	
2013-12-31,23:48,happy,1	
2013-12-31,23:50,happy,1	
2013-12-31,23:54,happy,1	
2014-01-01,00:00,happy,1	
2014-01-01,00:02,happy,1	
2014-01-01,00:08,happy,1	
2014-01-01,00:09,happy,1	
2014-01-01,00:12,happy,1	
2014-01-01,00:13,happy,1	
2014-01-01,00:16,happy,1	
2014-01-01,00:22,happy,1	
2014-01-01,00:25,happy,1	
2014-01-01,00:31,happy,1	
2014-01-01,00:38,happy,1	
2014-01-01,00:39,happy,1	
2014-01-01,00:44,happy,1	
2014-01-01,01:00,happy,1	
2014-01-01,01:03,happy,1	
2014-01-01,01:04,happy,1	
2014-01-01,01:06,happy,1	
2014-01-01,01:07,happy,1	
2014-01-01,01:09,happy,1	
2014-01-01,01:16,happy,2	
2014-01-01,01:18,happy,1	
2014-01-01,01:21,happy,1	
2014-01-01,01:22,happy,1	
2014-01-01,01:23,happy,2	
2014-01-01,01:26,happy,2	
2014-01-01,01:37,happy,1	
2014-01-01,01:56,happy,1	
2014-01-01,02:03,happy,1	
2014-01-01,02:06,happy,1	
2014-01-01,02:15,happy,1	
2014-01-01,02:16,happy,1	
2014-01-01,02:18,happy,1	
2014-01-01,02:23,happy,2	
2014-01-01,02:24,happy,1	
2014-01-01,02:29,happy,1	
2014-01-01,02:30,happy,1	
2014-01-01,02:37,happy,1	
2014-01-01,02:43,happy,1	
2014-01-01,02:44,happy,1	
2014-01-01,02:48,happy,2	
2014-01-01,02:52,happy,1	
2014-01-01,02:57,happy,1	
2014-01-01,02:59,happy,2	
2014-01-01,03:00,happy,1	
2014-01-01,03:04,happy,1	
2014-01-01,03:07,happy,2	
2014-01-01,03:11,happy,1	
2014-01-01,03:14,happy,1	
2014-01-01,03:15,happy,1	
2014-01-01,03:16,happy,1	
2014-01-01,03:20,happy,1	
2014-01-01,03:31,happy,2	
2014-01-01,03:32,happy,1	
2014-01-01,03:34,happy,3	
2014-01-01,03:35,happy,1	
2014-01-01,03:38,happy,2	
2014-01-01,03:39,happy,1	
2014-01-01,03:41,happy,2	
2014-01-01,03:42,happy,1	
2014-01-01,03:44,happy,1	
2014-01-01,03:46,happy,1	
2014-01-01,03:47,happy,1	
2014-01-01,03:49,happy,1	
2014-01-01,03:52,happy,1	
2014-01-01,03:55,happy,1	
2014-01-01,03:58,happy,1	
2014-01-01,03:59,happy,1	
2014-01-01,04:01,happy,1	
2014-01-01,04:03,happy,1	
2014-01-01,04:04,happy,2	
2014-01-01,04:07,happy,1	
2014-01-01,04:08,happy,3	
2014-01-01,04:09,happy,1	
2014-01-01,04:16,happy,1	
2014-01-01,04:18,happy,1	
2014-01-01,04:19,happy,2	
2014-01-01,04:22,happy,3	
2014-01-01,04:23,happy,2	
2014-01-01,04:27,happy,1	
2014-01-01,04:36,happy,1	
2014-01-01,04:37,happy,1	
2014-01-01,04:39,happy,2	
2014-01-01,04:40,happy,1	
2014-01-01,04:41,happy,1	
2014-01-01,04:42,happy,1	
2014-01-01,04:46,happy,1	
2014-01-01,04:49,happy,1	
2014-01-01,04:50,happy,1	
2014-01-01,04:51,happy,2	
2014-01-01,04:52,happy,1	
2014-01-01,04:55,happy,2	
2014-01-01,04:56,happy,2	
2014-01-01,04:57,happy,1	
2014-01-01,04:58,happy,1	
2014-01-01,04:59,happy,1	
2014-01-01,05:00,happy,3	
2014-01-01,05:03,happy,1	
2014-01-01,05:05,happy,3	
2014-01-01,05:06,happy,1	
2014-01-01,05:08,happy,1	
2014-01-01,05:09,happy,3	
2014-01-01,05:10,happy,3	
2014-01-01,05:13,happy,1	
2014-01-01,05:14,happy,1	
2014-01-01,05:15,happy,2	
2014-01-01,05:16,happy,1	
2014-01-01,05:17,happy,2	
2014-01-01,05:18,happy,2	
2014-01-01,05:19,happy,1	
2014-01-01,05:20,happy,2	
2014-01-01,05:21,happy,1	
2014-01-01,05:22,happy,2	
2014-01-01,05:24,happy,1	
2014-01-01,05:25,happy,1	
2014-01-01,05:26,happy,1	
2014-01-01,05:27,happy,1	
2014-01-01,05:28,happy,1	
2014-01-01,05:31,happy,1	
2014-01-01,05:32,happy,2	
2014-01-01,05:33,happy,1	
2014-01-01,05:35,happy,1	
2014-01-01,05:36,happy,2	
2014-01-01,05:37,happy,1	
2014-01-01,05:38,happy,1	
2014-01-01,05:41,happy,1	
2014-01-01,05:42,happy,1	
2014-01-01,05:44,happy,1	
2014-01-01,05:45,happy,2	
2014-01-01,05:47,happy,1	
2014-01-01,05:48,happy,1	
2014-01-01,05:49,happy,2	
2014-01-01,05:54,happy,3	
2014-01-01,05:55,happy,1	
2014-01-01,05:56,happy,2	
2014-01-01,05:57,happy,2	
2014-01-01,05:58,happy,2	
2014-01-01,06:00,happy,2	
2014-01-01,06:01,happy,3	
2014-01-01,06:02,happy,2	
2014-01-01,06:03,happy,1	
2014-01-01,06:04,happy,1	
2014-01-01,06:05,happy,1	
2014-01-01,06:06,happy,2	
2014-01-01,06:08,happy,1	
2014-01-01,06:09,happy,1	
2014-01-01,06:10,happy,1	
2014-01-01,06:12,happy,1	
2014-01-01,06:13,happy,1	
2014-01-01,06:14,happy,2	
2014-01-01,06:15,happy,2	
2014-01-01,06:16,happy,1	
2014-01-01,06:17,happy,2	
2014-01-01,06:18,happy,2	
2014-01-01,06:19,happy,1	
2014-01-01,06:21,happy,1	
2014-01-01,06:23,happy,2	
2014-01-01,06:25,happy,1	
2014-01-01,06:26,happy,2	
2014-01-01,06:27,happy,4	
2014-01-01,06:28,happy,3	
2014-01-01,06:29,happy,1	
2014-01-01,06:30,happy,1	
2014-01-01,06:32,happy,1	
2014-01-01,06:34,happy,3	
2014-01-01,06:35,happy,1	
2014-01-01,06:36,happy,1	
2014-01-01,06:38,happy,2	
2014-01-01,06:40,happy,1	
2014-01-01,06:42,happy,1	
2014-01-01,06:43,happy,1	
2014-01-01,06:45,happy,2	
2014-01-01,06:46,happy,1	
2014-01-01,06:47,happy,1	
2014-01-01,06:49,happy,1	
2014-01-01,06:50,happy,2	
2014-01-01,06:52,happy,1	
2014-01-01,06:53,happy,1	
2014-01-01,06:54,happy,1	
2014-01-01,06:55,happy,2	
2014-01-01,06:57,happy,1	
2014-01-01,06:58,happy,2	
2014-01-01,06:59,happy,2	
2014-01-01,07:00,happy,2	
2014-01-01,07:01,happy,1	
2014-01-01,07:02,happy,2	
2014-01-01,07:04,happy,1	
2014-01-01,07:06,happy,4	
2014-01-01,07:11,happy,1	
2014-01-01,07:13,happy,2	
2014-01-01,07:14,happy,1	
2014-01-01,07:16,happy,1	
2014-01-01,07:17,happy,1	
2014-01-01,07:18,happy,1	
2014-01-01,07:19,happy,1	
2014-01-01,07:21,happy,2	
2014-01-01,07:23,happy,1	
2014-01-01,07:24,happy,1	
2014-01-01,07:26,happy,1	
2014-01-01,07:27,happy,2	
2014-01-01,07:28,happy,1	
2014-01-01,07:31,happy,2	
2014-01-01,07:32,happy,2	
2014-01-01,07:35,happy,2	
2014-01-01,07:37,happy,1	
2014-01-01,07:38,happy,1	
2014-01-01,07:40,happy,3	
2014-01-01,07:42,happy,1	
2014-01-01,07:43,happy,3	
2014-01-01,07:44,happy,1	
2014-01-01,07:46,happy,1	
2014-01-01,07:55,happy,2	
2014-01-01,07:56,happy,2	
2014-01-01,07:58,happy,1	
2014-01-01,07:59,happy,2	
2014-01-01,08:00,happy,1	
2014-01-01,08:02,happy,1	
2014-01-01,08:03,happy,1	
2014-01-01,08:04,happy,1	
2014-01-01,08:05,happy,1	
2014-01-01,08:07,happy,1	
2014-01-01,08:09,happy,1	
2014-01-01,08:10,happy,2	
2014-01-01,08:12,happy,1	
2014-01-01,08:13,happy,1	
2014-01-01,08:14,happy,1	
2014-01-01,08:16,happy,3	
2014-01-01,08:18,happy,1	
2014-01-01,08:20,happy,1	
2014-01-01,08:21,happy,2	
2014-01-01,08:26,happy,1	
2014-01-01,08:33,happy,1	
2014-01-01,08:40,happy,1	
2014-01-01,08:41,happy,1	
2014-01-01,08:43,happy,3	
2014-01-01,08:45,happy,1	
2014-01-01,08:47,happy,1	
2014-01-01,08:50,happy,3	
2014-01-01,08:51,happy,2	
2014-01-01,08:52,happy,1	
2014-01-01,08:54,happy,3	
2014-01-01,08:57,happy,3	
2014-01-01,09:02,happy,2	
2014-01-01,09:03,happy,1	
2014-01-01,09:09,happy,1	
2014-01-01,09:12,happy,2	
2014-01-01,09:13,happy,1	
2014-01-01,09:15,happy,1	
2014-01-01,09:16,happy,1	
2014-01-01,09:19,happy,1	
2014-01-01,09:23,happy,1	
2014-01-01,09:27,happy,2	
2014-01-01,09:29,happy,1	
2014-01-01,09:30,happy,1	
2014-01-01,09:40,happy,1	
2014-01-01,09:41,happy,1	
2014-01-01,09:48,happy,1	
2014-01-01,09:49,happy,1	
2014-01-01,09:51,happy,3	
2014-01-01,09:52,happy,1	
2014-01-01,09:55,happy,1	
2014-01-01,09:59,happy,2	
2014-01-01,10:01,happy,1	
2014-01-01,10:02,happy,2	
2014-01-01,10:06,happy,1	
2014-01-01,10:12,happy,1	
2014-01-01,10:16,happy,1	
2014-01-01,10:18,happy,1	
2014-01-01,10:19,happy,1	
2014-01-01,10:20,happy,2	
2014-01-01,10:21,happy,2	
2014-01-01,10:24,happy,1	
2014-01-01,10:25,happy,1	
2014-01-01,10:26,happy,1	
2014-01-01,10:29,happy,1	
2014-01-01,10:31,happy,1	
2014-01-01,10:33,happy,2	
2014-01-01,10:34,happy,2	
2014-01-01,10:35,happy,1	
2014-01-01,10:38,happy,1	
2014-01-01,10:39,happy,1	
2014-01-01,10:40,happy,2	
2014-01-01,10:43,happy,1	
2014-01-01,10:45,happy,1	
2014-01-01,10:47,happy,1	
2014-01-01,10:49,happy,1	
2014-01-01,10:50,happy,1	
2014-01-01,10:54,happy,1	
2014-01-01,10:55,happy,2	
2014-01-01,10:56,happy,1	
2014-01-01,10:58,happy,1	
2014-01-01,11:03,happy,2	
2014-01-01,11:04,happy,1	
2014-01-01,11:06,happy,4	
2014-01-01,11:09,happy,1	
2014-01-01,11:13,happy,1	
2014-01-01,11:15,happy,1	
2014-01-01,11:16,happy,1	
2014-01-01,11:17,happy,1	
2014-01-01,11:18,happy,1	
2014-01-01,11:19,happy,2	
2014-01-01,11:23,happy,1	
2014-01-01,11:27,happy,2	
2014-01-01,11:29,happy,1	
2014-01-01,11:32,happy,1	
2014-01-01,11:34,happy,2	
2014-01-01,11:39,happy,1	
2014-01-01,11:41,happy,1	
2014-01-01,11:42,happy,2	
2014-01-01,11:48,happy,1	
2014-01-01,11:51,happy,2	
2014-01-01,11:53,happy,1	
2014-01-01,11:54,happy,1	
2014-01-01,11:55,happy,1	
2014-01-01,11:57,happy,1	
2014-01-01,11:58,happy,1	
2014-01-01,11:59,happy,3	
2014-01-01,12:00,happy,1	
2014-01-01,12:02,happy,2	
2014-01-01,12:03,happy,3	
2014-01-01,12:05,happy,2	
2014-01-01,12:07,happy,2	
2014-01-01,12:08,happy,1	
2014-01-01,12:10,happy,3	
2014-01-01,12:11,happy,2	
2014-01-01,12:12,happy,1	
2014-01-01,12:13,happy,1	
2014-01-01,12:18,happy,1	
2014-01-01,12:19,happy,1	
2014-01-01,12:20,happy,1	
2014-01-01,12:26,happy,1	
2014-01-01,12:33,happy,1	
2014-01-01,12:35,happy,2	
2014-01-01,12:39,happy,2	
2014-01-01,12:41,happy,1	
2014-01-01,12:42,happy,3	
2014-01-01,12:43,happy,1	
2014-01-01,12:44,happy,1	
2014-01-01,12:46,happy,1	
2014-01-01,12:47,happy,1	
2014-01-01,12:49,happy,1	
2014-01-01,12:50,happy,1	
2014-01-01,12:53,happy,1	
2014-01-01,13:01,happy,3	
2014-01-01,13:02,happy,1	
2014-01-01,13:03,happy,2	
2014-01-01,13:04,happy,4	
2014-01-01,13:06,happy,1	
2014-01-01,13:07,happy,1	
2014-01-01,13:09,happy,3	
2014-01-01,13:12,happy,2	
2014-01-01,13:13,happy,1	
2014-01-01,13:14,happy,5	
2014-01-01,13:17,happy,1	
2014-01-01,13:19,happy,2	
2014-01-01,13:20,happy,1	
2014-01-01,13:21,happy,2	
2014-01-01,13:22,happy,5	
2014-01-01,13:23,happy,2	
2014-01-01,13:24,happy,2	
2014-01-01,13:25,happy,1	
2014-01-01,13:26,happy,2	
2014-01-01,13:27,happy,1	
2014-01-01,13:30,happy,1	
2014-01-01,13:34,happy,2	
2014-01-01,13:35,happy,1	
2014-01-01,13:36,happy,2	
2014-01-01,13:37,happy,1	
2014-01-01,13:38,happy,1	
2014-01-01,13:39,happy,1	
2014-01-01,13:40,happy,2	
2014-01-01,13:43,happy,1	
2014-01-01,13:45,happy,1	
2014-01-01,13:46,happy,1	
2014-01-01,13:48,happy,1	
2014-01-01,13:49,happy,3	
2014-01-01,13:50,happy,1	
2014-01-01,13:51,happy,1	
2014-01-01,13:52,happy,1	
2014-01-01,13:53,happy,2	
2014-01-01,13:54,happy,2	
2014-01-01,13:56,happy,1	
2014-01-01,13:57,happy,1	
2014-01-01,13:58,happy,2	
2014-01-01,13:59,happy,1	
2014-01-01,14:00,happy,1	
2014-01-01,14:01,happy,1	
2014-01-01,14:02,happy,3	
2014-01-01,14:03,happy,1	
2014-01-01,14:04,happy,1	
2014-01-01,14:06,happy,1	
2014-01-01,14:08,happy,1	
2014-01-01,14:10,happy,1	
2014-01-01,14:11,happy,2	
2014-01-01,14:13,happy,1	
2014-01-01,14:14,happy,1	
2014-01-01,14:15,happy,2	
2014-01-01,14:16,happy,2	
2014-01-01,14:17,happy,1	
2014-01-01,14:18,happy,1	
2014-01-01,14:19,happy,2	
2014-01-01,14:21,happy,1	
2014-01-01,14:23,happy,1	
2014-01-01,14:24,happy,1	
2014-01-01,14:27,happy,1	
2014-01-01,14:30,happy,1	
2014-01-01,14:32,happy,1	
2014-01-01,14:40,happy,2	
2014-01-01,14:42,happy,1	
2014-01-01,14:43,happy,1	
2014-01-01,14:44,happy,1	
2014-01-01,14:45,happy,1	
2014-01-01,14:47,happy,2	
2014-01-01,14:50,happy,1	
2014-01-01,14:51,happy,2	
2014-01-01,14:52,happy,1	
2014-01-01,14:53,happy,1	
2014-01-01,14:54,happy,1	
2014-01-01,14:55,happy,2	
2014-01-01,15:00,happy,1	
2014-01-01,15:04,happy,1	
2014-01-01,15:06,happy,1	
2014-01-01,15:08,happy,1	
2014-01-01,15:10,happy,1	
2014-01-01,15:11,happy,1	
2014-01-01,15:14,happy,2	
2014-01-01,15:15,happy,1	
2014-01-01,15:19,happy,1	
2014-01-01,15:20,happy,2	
2014-01-01,15:21,happy,1	
2014-01-01,15:24,happy,1	
2014-01-01,15:30,happy,1	
2014-01-01,15:31,happy,1	
2014-01-01,15:32,happy,4	
2014-01-01,15:36,happy,1	
2014-01-01,15:38,happy,2	
2014-01-01,15:39,happy,1	
2014-01-01,15:41,happy,1	
2014-01-01,15:42,happy,1	
2014-01-01,15:45,happy,1	
2014-01-01,15:49,happy,2	
2014-01-01,15:50,happy,2	
2014-01-01,15:52,happy,2	
2014-01-01,15:54,happy,1	
2014-01-01,15:57,happy,1	
2014-01-01,15:58,happy,1	
2014-01-01,15:59,happy,2	
2014-01-01,16:00,happy,1	
2014-01-01,16:01,happy,1	
2014-01-01,16:02,happy,1	
2014-01-01,16:04,happy,3	
2014-01-01,16:05,happy,1	
2014-01-01,16:06,happy,1	
2014-01-01,16:07,happy,2	
2014-01-01,16:08,happy,1	
2014-01-01,16:10,happy,1	
2014-01-01,16:12,happy,1	
2014-01-01,16:15,happy,1	
2014-01-01,16:21,happy,1	
2014-01-01,16:25,happy,1	
2014-01-01,16:29,happy,1	
2014-01-01,16:33,happy,1	
2014-01-01,16:34,happy,1	
2014-01-01,16:41,happy,2	
2014-01-01,16:42,happy,2	
2014-01-01,16:46,happy,3	
2014-01-01,16:51,happy,1	
2014-01-01,16:52,happy,1	
2014-01-01,16:53,happy,1	
2014-01-01,16:54,happy,1	
2014-01-01,16:56,happy,1	
2014-01-01,16:57,happy,2	
2014-01-01,16:58,happy,1	
2014-01-01,16:59,happy,3	
2014-01-01,17:01,happy,1	
2014-01-01,17:02,happy,1	
2014-01-01,17:04,happy,1	
2014-01-01,17:05,happy,1	
2014-01-01,17:08,happy,2	
2014-01-01,17:09,happy,2	
2014-01-01,17:10,happy,1	
2014-01-01,17:12,happy,1	
2014-01-01,17:13,happy,1	
2014-01-01,17:16,happy,1	
2014-01-01,17:18,happy,2	
2014-01-01,17:20,happy,1	
2014-01-01,17:21,happy,1	
2014-01-01,17:23,happy,2	
2014-01-01,17:27,happy,1	
2014-01-01,17:29,happy,1	
2014-01-01,17:30,happy,3	
2014-01-01,17:34,happy,1	
2014-01-01,17:36,happy,1	
2014-01-01,17:40,happy,2	
2014-01-01,17:43,happy,1	
2014-01-01,17:45,happy,1	
2014-01-01,17:47,happy,1	
2014-01-01,17:49,happy,1	
2014-01-01,17:50,happy,2	
2014-01-01,17:53,happy,2	
2014-01-01,17:55,happy,1	
2014-01-01,17:56,happy,2	
2014-01-01,17:58,happy,1	
2014-01-01,17:59,happy,3	
2014-01-01,18:00,happy,5	
2014-01-01,18:01,happy,4	
2014-01-01,18:02,happy,4	
2014-01-01,18:03,happy,3	
2014-01-01,18:04,happy,1	
2014-01-01,18:05,happy,1	
2014-01-01,18:06,happy,5	
2014-01-01,18:07,happy,5	
2014-01-01,18:08,happy,2	
2014-01-01,18:09,happy,2	
2014-01-01,18:10,happy,1	
2014-01-01,18:11,happy,2	
2014-01-01,18:12,happy,4	
2014-01-01,18:13,happy,3	
2014-01-01,18:14,happy,7	
2014-01-01,18:15,happy,5	
2014-01-01,18:16,happy,5	
2014-01-01,18:17,happy,5	
2014-01-01,18:18,happy,2	
2014-01-01,18:19,happy,3	
2014-01-01,18:20,happy,2	
2014-01-01,18:21,happy,3	
2014-01-01,18:22,happy,6	
2014-01-01,18:23,happy,5	
2014-01-01,18:24,happy,3	
2014-01-01,18:25,happy,3	
2014-01-01,18:26,happy,3	
2014-01-01,18:27,happy,2	
2014-01-01,18:28,happy,4	
2014-01-01,18:29,happy,1	
2014-01-01,18:30,happy,2	
2014-01-01,18:31,happy,2	
2014-01-01,18:32,happy,3	
2014-01-01,18:33,happy,1	
2014-01-01,18:34,happy,3	
2014-01-01,18:35,happy,4	
2014-01-01,18:36,happy,2	
2014-01-01,18:37,happy,5	
2014-01-01,18:39,happy,4	
2014-01-01,18:40,happy,2	
2014-01-01,18:41,happy,1	
2014-01-01,18:43,happy,1	
2014-01-01,18:44,happy,3	
2014-01-01,18:46,happy,2	
2014-01-01,18:48,happy,3	
2014-01-01,18:49,happy,2	
2014-01-01,18:50,happy,1	
2014-01-01,18:51,happy,3	
2014-01-01,18:52,happy,2	
2014-01-01,18:53,happy,1	
2014-01-01,18:54,happy,6	
2014-01-01,18:55,happy,4	
2014-01-01,18:56,happy,1	
2014-01-01,18:57,happy,3	
2014-01-01,18:58,happy,2	
2014-01-01,18:59,happy,2	
2014-01-01,19:00,happy,1	
2014-01-01,19:01,happy,4	
2014-01-01,19:02,happy,1	
2014-01-01,19:03,happy,4	
2014-01-01,19:04,happy,6	
2014-01-01,19:05,happy,2	
2014-01-01,19:06,happy,6	
2014-01-01,19:07,happy,1	
2014-01-01,19:08,happy,3	
2014-01-01,19:10,happy,1	
2014-01-01,19:11,happy,3	
2014-01-01,19:13,happy,4	
2014-01-01,19:14,happy,5	
2014-01-01,19:15,happy,1	
2014-01-01,19:16,happy,2	
2014-01-01,19:17,happy,4	
2014-01-01,19:18,happy,4	
2014-01-01,19:21,happy,1	
2014-01-01,19:22,happy,2	
2014-01-01,19:23,happy,2	
2014-01-01,19:24,happy,1	
2014-01-01,19:25,happy,5	
2014-01-01,19:26,happy,2	
2014-01-01,19:30,happy,2	
2014-01-01,19:31,happy,3	
2014-01-01,19:33,happy,4	
2014-01-01,19:34,happy,1	
2014-01-01,19:35,happy,2	
2014-01-01,19:36,happy,2	
2014-01-01,19:38,happy,1	
2014-01-01,19:39,happy,2	
2014-01-01,19:40,happy,5	
2014-01-01,19:41,happy,2	
2014-01-01,19:42,happy,2	
2014-01-01,19:43,happy,3	
2014-01-01,19:44,happy,2	
2014-01-01,19:45,happy,3	
2014-01-01,19:46,happy,1	
2014-01-01,19:47,happy,1	
2014-01-01,19:48,happy,2	
2014-01-01,19:49,happy,1	
2014-01-01,19:51,happy,2	
2014-01-01,19:53,happy,1	
2014-01-01,19:55,happy,1	
2014-01-01,19:56,happy,2	
2014-01-01,19:57,happy,1	
2014-01-01,19:58,happy,1	
2014-01-01,19:59,happy,2	
2014-01-01,20:00,happy,2	
2014-01-01,20:01,happy,2	
2014-01-01,20:02,happy,4	
2014-01-01,20:05,happy,1	
2014-01-01,20:06,happy,2	
2014-01-01,20:07,happy,4	
2014-01-01,20:08,happy,1	
2014-01-01,20:09,happy,2	
2014-01-01,20:10,happy,1	
2014-01-01,20:11,happy,2	
2014-01-01,20:13,happy,1	
2014-01-01,20:15,happy,1	
2014-01-01,20:16,happy,1	
2014-01-01,20:18,happy,3	
2014-01-01,20:19,happy,1	
2014-01-01,20:20,happy,1	
2014-01-01,20:23,happy,1	
2014-01-01,20:25,happy,2	
2014-01-01,20:29,happy,2	
2014-01-01,20:35,happy,1	
2014-01-01,20:36,happy,1	
2014-01-01,20:38,happy,1	
2014-01-01,20:39,happy,2	
2014-01-01,20:42,happy,1	
2014-01-01,20:45,happy,2	
2014-01-01,20:49,happy,2	
2014-01-01,20:50,happy,3	
2014-01-01,20:54,happy,2	
2014-01-01,20:55,happy,1	
2014-01-01,20:59,happy,2	
2014-01-01,21:00,happy,1	
2014-01-01,21:01,happy,2	
2014-01-01,21:02,happy,2	
2014-01-01,21:03,happy,1	
2014-01-01,21:05,happy,1	
2014-01-01,21:08,happy,1	
2014-01-01,21:09,happy,1	
2014-01-01,21:10,happy,2	
2014-01-01,21:11,happy,2	
2014-01-01,21:12,happy,4	
2014-01-01,21:13,happy,1	
2014-01-01,21:14,happy,1	
2014-01-01,21:15,happy,2	
2014-01-01,21:16,happy,2	
2014-01-01,21:18,happy,2	
2014-01-01,21:19,happy,1	
2014-01-01,21:20,happy,3	
2014-01-01,21:21,happy,1	
2014-01-01,21:22,happy,2	
2014-01-01,21:24,happy,2	
2014-01-01,21:25,happy,2	
2014-01-01,21:26,happy,2	
2014-01-01,21:28,happy,2	
2014-01-01,21:29,happy,1	
2014-01-01,21:30,happy,2	
2014-01-01,21:31,happy,1	
2014-01-01,21:33,happy,1	
2014-01-01,21:34,happy,1	
2014-01-01,21:35,happy,3	
2014-01-01,21:36,happy,2	
2014-01-01,21:40,happy,1	
2014-01-01,21:41,happy,1	
2014-01-01,21:42,happy,1	
2014-01-01,21:44,happy,1	
2014-01-01,21:45,happy,1	
2014-01-01,21:46,happy,1	
2014-01-01,21:47,happy,3	
2014-01-01,21:49,happy,2	
2014-01-01,21:50,happy,2	
2014-01-01,21:51,happy,1	
2014-01-01,21:52,happy,1	
2014-01-01,21:53,happy,2	
2014-01-01,21:55,happy,2	
2014-01-01,21:56,happy,1	
2014-01-01,21:58,happy,2	
2014-01-01,22:00,happy,1	
2014-01-01,22:01,happy,3	
2014-01-01,22:02,happy,2	
2014-01-01,22:03,happy,1	
2014-01-01,22:04,happy,1	
2014-01-01,22:05,happy,4	
2014-01-01,22:06,happy,2	
2014-01-01,22:07,happy,1	
2014-01-01,22:12,happy,3	
2014-01-01,22:14,happy,1	
2014-01-01,22:16,happy,1	
2014-01-01,22:18,happy,3	
2014-01-01,22:19,happy,1	
2014-01-01,22:20,happy,1	
2014-01-01,22:21,happy,1	
2014-01-01,22:25,happy,3	
2014-01-01,22:28,happy,2	
2014-01-01,22:31,happy,1	
2014-01-01,22:35,happy,1	
2014-01-01,22:36,happy,1	
2014-01-01,22:37,happy,1	
2014-01-01,22:38,happy,2	
2014-01-01,22:43,happy,1	
2014-01-01,22:45,happy,1	
2014-01-01,22:46,happy,1	
2014-01-01,22:47,happy,1	
2014-01-01,22:48,happy,3	
2014-01-01,22:49,happy,2	
2014-01-01,22:53,happy,2	
2014-01-01,22:57,happy,2	
2014-01-01,22:58,happy,3	
2014-01-01,23:02,happy,2	
2014-01-01,23:04,happy,1	
2014-01-01,23:09,happy,1	
2014-01-01,23:11,happy,1	
2014-01-01,23:14,happy,1	
2014-01-01,23:19,happy,1	
2014-01-01,23:20,happy,1	
2014-01-01,23:34,happy,2	
2014-01-01,23:35,happy,1	
2014-01-01,23:38,happy,2	
2014-01-01,23:42,happy,1	
2014-01-01,23:44,happy,1	
2014-01-01,23:46,happy,1	
2014-01-01,23:52,happy,1	
2014-01-01,23:58,happy,1	
2014-01-02,00:00,happy,1	
2013-12-31,05:28,lonely,1	
2013-12-31,05:36,lonely,1	
2013-12-31,05:59,lonely,1	
2013-12-31,06:17,lonely,1	
2013-12-31,06:40,lonely,1	
2013-12-31,07:01,lonely,1	
2013-12-31,08:34,lonely,1	
2013-12-31,08:35,lonely,1	
2013-12-31,09:48,lonely,1	
2013-12-31,10:05,lonely,1	
2013-12-31,10:07,lonely,1	
2013-12-31,10:34,lonely,1	
2013-12-31,11:24,lonely,1	
2013-12-31,11:40,lonely,1	
2013-12-31,11:49,lonely,1	
2013-12-31,13:50,lonely,1	
2013-12-31,15:26,lonely,1	
2013-12-31,15:52,lonely,1	
2013-12-31,16:18,lonely,1	
2013-12-31,16:21,lonely,1	
2013-12-31,17:26,lonely,1	
2013-12-31,17:45,lonely,1	
2013-12-31,17:48,lonely,1	
2013-12-31,17:49,lonely,1	
2013-12-31,17:58,lonely,1	
2013-12-31,18:59,lonely,1	
2013-12-31,20:57,lonely,1	
2014-01-01,00:12,lonely,1	
2014-01-01,00:35,lonely,1	
2014-01-01,03:25,lonely,1	
2014-01-01,04:20,lonely,1	
2014-01-01,05:49,lonely,1	
2014-01-01,06:11,lonely,1	
2014-01-01,06:12,lonely,1	
2014-01-01,06:26,lonely,1	
2014-01-01,07:22,lonely,1	
2014-01-01,08:59,lonely,1	
2014-01-01,11:18,lonely,1	
2014-01-01,12:37,lonely,1	
2014-01-01,12:57,lonely,1	
2014-01-01,13:14,lonely,1	
2014-01-01,13:41,lonely,1	
2014-01-01,13:48,lonely,1	
2014-01-01,14:36,lonely,1	
2014-01-01,15:42,lonely,1	
2014-01-01,16:00,lonely,1	
2014-01-01,16:44,lonely,1	
2014-01-01,16:50,lonely,1	
2014-01-01,17:03,lonely,1	
2014-01-01,17:15,lonely,1	
2014-01-01,18:08,lonely,1	
2014-01-01,18:17,lonely,1	
2014-01-01,18:40,lonely,1	
2014-01-01,18:44,lonely,1	
2014-01-01,19:26,lonely,1	
2014-01-01,19:43,lonely,1	
2014-01-01,19:59,lonely,1	
2014-01-01,20:02,lonely,1	
2014-01-01,20:14,lonely,1	
2014-01-01,20:28,lonely,1	
2014-01-01,21:04,lonely,1	
2014-01-01,21:35,lonely,1	
2014-01-01,21:59,lonely,1	
2013-12-31,00:04,sad,1	
2013-12-31,00:11,sad,1	
2013-12-31,00:27,sad,1	
2013-12-31,00:42,sad,1	
2013-12-31,00:44,sad,1	
2013-12-31,00:45,sad,1	
2013-12-31,00:48,sad,1	
2013-12-31,00:54,sad,1	
2013-12-31,01:15,sad,1	
2013-12-31,01:19,sad,1	
2013-12-31,01:32,sad,1	
2013-12-31,02:02,sad,1	
2013-12-31,02:24,sad,1	
2013-12-31,02:27,sad,1	
2013-12-31,02:29,sad,1	
2013-12-31,02:34,sad,1	
2013-12-31,02:50,sad,1	
2013-12-31,02:51,sad,1	
2013-12-31,02:56,sad,1	
2013-12-31,03:40,sad,1	
2013-12-31,03:46,sad,1	
2013-12-31,03:47,sad,1	
2013-12-31,04:10,sad,1	
2013-12-31,04:16,sad,1	
2013-12-31,04:22,sad,2	
2013-12-31,04:25,sad,1	
2013-12-31,04:35,sad,1	
2013-12-31,04:37,sad,1	
2013-12-31,04:56,sad,1	
2013-12-31,04:59,sad,1	
2013-12-31,05:13,sad,1	
2013-12-31,05:14,sad,1	
2013-12-31,05:24,sad,1	
2013-12-31,05:25,sad,2	
2013-12-31,05:26,sad,1	
2013-12-31,05:46,sad,1	
2013-12-31,05:53,sad,1	
2013-12-31,05:58,sad,1	
2013-12-31,06:12,sad,1	
2013-12-31,06:15,sad,1	
2013-12-31,06:22,sad,1	
2013-12-31,06:23,sad,1	
2013-12-31,06:28,sad,1	
2013-12-31,06:33,sad,1	
2013-12-31,06:34,sad,1	
2013-12-31,07:01,sad,1	
2013-12-31,07:09,sad,1	
2013-12-31,07:25,sad,1	
2013-12-31,07:28,sad,1	
2013-12-31,07:29,sad,1	
2013-12-31,07:30,sad,1	
2013-12-31,07:40,sad,1	
2013-12-31,08:11,sad,1	
2013-12-31,08:15,sad,1	
2013-12-31,08:23,sad,1	
2013-12-31,08:31,sad,1	
2013-12-31,08:35,sad,2	
2013-12-31,08:38,sad,1	
2013-12-31,08:48,sad,2	
2013-12-31,08:50,sad,1	
2013-12-31,08:55,sad,1	
2013-12-31,08:57,sad,1	
2013-12-31,08:58,sad,1	
2013-12-31,09:00,sad,1	
2013-12-31,09:01,sad,1	
2013-12-31,09:07,sad,1	
2013-12-31,09:08,sad,1	
2013-12-31,09:15,sad,1	
2013-12-31,09:16,sad,1	
2013-12-31,09:21,sad,1	
2013-12-31,09:24,sad,1	
2013-12-31,09:45,sad,1	
2013-12-31,09:46,sad,1	
2013-12-31,09:52,sad,1	
2013-12-31,09:56,sad,1	
2013-12-31,09:58,sad,1	
2013-12-31,09:59,sad,1	
2013-12-31,10:01,sad,1	
2013-12-31,10:02,sad,2	
2013-12-31,10:08,sad,2	
2013-12-31,10:09,sad,1	
2013-12-31,10:10,sad,1	
2013-12-31,10:25,sad,1	
2013-12-31,10:28,sad,1	
2013-12-31,10:31,sad,1	
2013-12-31,10:47,sad,1	
2013-12-31,10:49,sad,1	
2013-12-31,10:52,sad,1	
2013-12-31,10:56,sad,1	
2013-12-31,11:00,sad,1	
2013-12-31,11:03,sad,1	
2013-12-31,11:09,sad,1	
2013-12-31,11:12,sad,1	
2013-12-31,11:15,sad,2	
2013-12-31,11:16,sad,1	
2013-12-31,11:23,sad,1	
2013-12-31,11:31,sad,1	
2013-12-31,11:35,sad,1	
2013-12-31,11:41,sad,1	
2013-12-31,11:48,sad,1	
2013-12-31,11:57,sad,1	
2013-12-31,11:59,sad,1	
2013-12-31,12:04,sad,1	
2013-12-31,12:08,sad,1	
2013-12-31,12:15,sad,1	
2013-12-31,12:28,sad,1	
2013-12-31,12:34,sad,1	
2013-12-31,12:38,sad,1	
2013-12-31,12:49,sad,1	
2013-12-31,12:56,sad,1	
2013-12-31,13:00,sad,1	
2013-12-31,13:01,sad,1	
2013-12-31,13:04,sad,1	
2013-12-31,13:09,sad,1	
2013-12-31,13:10,sad,1	
2013-12-31,13:15,sad,2	
2013-12-31,13:36,sad,1	
2013-12-31,13:43,sad,1	
2013-12-31,13:44,sad,1	
2013-12-31,13:52,sad,1	
2013-12-31,13:57,sad,2	
2013-12-31,13:59,sad,1	
2013-12-31,14:00,sad,2	
2013-12-31,14:03,sad,2	
2013-12-31,14:10,sad,1	
2013-12-31,14:12,sad,1	
2013-12-31,14:15,sad,1	
2013-12-31,14:17,sad,1	
2013-12-31,14:18,sad,1	
2013-12-31,14:25,sad,1	
2013-12-31,14:26,sad,1	
2013-12-31,14:30,sad,1	
2013-12-31,14:33,sad,1	
2013-12-31,14:36,sad,1	
2013-12-31,14:37,sad,1	
2013-12-31,14:43,sad,1	
2013-12-31,14:50,sad,1	
2013-12-31,14:53,sad,1	
2013-12-31,14:59,sad,1	
2013-12-31,15:00,sad,1	
2013-12-31,15:02,sad,2	
2013-12-31,15:04,sad,1	
2013-12-31,15:08,sad,1	
2013-12-31,15:09,sad,1	
2013-12-31,15:15,sad,1	
2013-12-31,15:16,sad,2	
2013-12-31,15:19,sad,1	
2013-12-31,15:27,sad,1	
2013-12-31,15:28,sad,1	
2013-12-31,15:29,sad,1	
2013-12-31,15:37,sad,1	
2013-12-31,15:49,sad,1	
2013-12-31,15:57,sad,1	
2013-12-31,16:00,sad,1	
2013-12-31,16:01,sad,2	
2013-12-31,16:02,sad,4	
2013-12-31,16:03,sad,1	
2013-12-31,16:08,sad,1	
2013-12-31,16:13,sad,1	
2013-12-31,16:19,sad,1	
2013-12-31,16:22,sad,1	
2013-12-31,16:30,sad,1	
2013-12-31,16:32,sad,2	
2013-12-31,16:41,sad,2	
2013-12-31,16:43,sad,1	
2013-12-31,16:48,sad,1	
2013-12-31,16:53,sad,1	
2013-12-31,16:54,sad,1	
2013-12-31,16:55,sad,1	
2013-12-31,16:58,sad,1	
2013-12-31,17:14,sad,2	
2013-12-31,17:32,sad,1	
2013-12-31,17:34,sad,1	
2013-12-31,17:44,sad,1	
2013-12-31,17:46,sad,1	
2013-12-31,17:48,sad,1	
2013-12-31,17:53,sad,1	
2013-12-31,17:54,sad,1	
2013-12-31,17:57,sad,1	
2013-12-31,17:59,sad,1	
2013-12-31,18:01,sad,1	
2013-12-31,18:03,sad,1	
2013-12-31,18:06,sad,2	
2013-12-31,18:08,sad,1	
2013-12-31,18:23,sad,1	
2013-12-31,18:27,sad,1	
2013-12-31,18:30,sad,1	
2013-12-31,18:33,sad,1	
2013-12-31,18:37,sad,1	
2013-12-31,18:38,sad,1	
2013-12-31,18:41,sad,1	
2013-12-31,18:43,sad,1	
2013-12-31,18:46,sad,1	
2013-12-31,18:57,sad,1	
2013-12-31,18:58,sad,1	
2013-12-31,19:01,sad,1	
2013-12-31,19:06,sad,1	
2013-12-31,19:10,sad,1	
2013-12-31,19:18,sad,1	
2013-12-31,19:19,sad,1	
2013-12-31,19:20,sad,1	
2013-12-31,19:22,sad,1	
2013-12-31,19:24,sad,1	
2013-12-31,19:25,sad,1	
2013-12-31,19:26,sad,1	
2013-12-31,19:27,sad,1	
2013-12-31,19:31,sad,2	
2013-12-31,19:33,sad,1	
2013-12-31,19:38,sad,1	
2013-12-31,19:41,sad,1	
2013-12-31,19:46,sad,1	
2013-12-31,19:48,sad,1	
2013-12-31,19:49,sad,1	
2013-12-31,19:53,sad,2	
2013-12-31,19:54,sad,2	
2013-12-31,19:55,sad,1	
2013-12-31,19:56,sad,2	
2013-12-31,19:59,sad,1	
2013-12-31,20:03,sad,1	
2013-12-31,20:05,sad,1	
2013-12-31,20:06,sad,1	
2013-12-31,20:07,sad,1	
2013-12-31,20:08,sad,1	
2013-12-31,20:23,sad,1	
2013-12-31,20:28,sad,1	
2013-12-31,20:31,sad,1	
2013-12-31,20:32,sad,1	
2013-12-31,20:38,sad,1	
2013-12-31,20:42,sad,1	
2013-12-31,20:45,sad,1	
2013-12-31,20:52,sad,1	
2013-12-31,21:13,sad,1	
2013-12-31,21:19,sad,1	
2013-12-31,21:45,sad,1	
2013-12-31,21:52,sad,1	
2013-12-31,21:59,sad,1	
2013-12-31,22:04,sad,1	
2013-12-31,22:11,sad,1	
2013-12-31,22:22,sad,1	
2013-12-31,22:25,sad,1	
2013-12-31,22:51,sad,1	
2013-12-31,22:59,sad,2	
2013-12-31,23:00,sad,1	
2013-12-31,23:09,sad,1	
2013-12-31,23:32,sad,1	
2013-12-31,23:54,sad,1	
2014-01-01,00:00,sad,1	
2014-01-01,00:09,sad,1	
2014-01-01,00:14,sad,1	
2014-01-01,00:16,sad,1	
2014-01-01,00:20,sad,1	
2014-01-01,00:31,sad,1	
2014-01-01,00:34,sad,1	
2014-01-01,00:37,sad,1	
2014-01-01,00:49,sad,1	
2014-01-01,01:01,sad,1	
2014-01-01,01:02,sad,1	
2014-01-01,01:13,sad,1	
2014-01-01,01:51,sad,1	
2014-01-01,01:54,sad,1	
2014-01-01,01:59,sad,1	
2014-01-01,02:03,sad,1	
2014-01-01,02:08,sad,1	
2014-01-01,02:17,sad,1	
2014-01-01,02:28,sad,1	
2014-01-01,02:43,sad,1	
2014-01-01,02:53,sad,1	
2014-01-01,03:09,sad,1	
2014-01-01,03:15,sad,1	
2014-01-01,03:16,sad,1	
2014-01-01,03:24,sad,1	
2014-01-01,03:26,sad,1	
2014-01-01,03:51,sad,1	
2014-01-01,04:20,sad,1	
2014-01-01,04:35,sad,1	
2014-01-01,04:40,sad,1	
2014-01-01,04:45,sad,1	
2014-01-01,04:59,sad,1	
2014-01-01,05:01,sad,1	
2014-01-01,05:03,sad,1	
2014-01-01,05:05,sad,1	
2014-01-01,05:09,sad,1	
2014-01-01,05:16,sad,1	
2014-01-01,05:22,sad,1	
2014-01-01,05:26,sad,2	
2014-01-01,05:28,sad,1	
2014-01-01,05:29,sad,1	
2014-01-01,05:30,sad,1	
2014-01-01,05:33,sad,1	
2014-01-01,05:42,sad,2	
2014-01-01,05:43,sad,1	
2014-01-01,05:48,sad,1	
2014-01-01,05:52,sad,1	
2014-01-01,05:53,sad,1	
2014-01-01,05:57,sad,1	
2014-01-01,06:01,sad,1	
2014-01-01,06:06,sad,1	
2014-01-01,06:07,sad,1	
2014-01-01,06:11,sad,1	
2014-01-01,06:20,sad,1	
2014-01-01,06:25,sad,2	
2014-01-01,06:30,sad,1	
2014-01-01,06:31,sad,2	
2014-01-01,06:39,sad,1	
2014-01-01,06:43,sad,1	
2014-01-01,06:52,sad,1	
2014-01-01,06:54,sad,1	
2014-01-01,06:56,sad,1	
2014-01-01,06:58,sad,2	
2014-01-01,06:59,sad,1	
2014-01-01,07:02,sad,2	
2014-01-01,07:04,sad,1	
2014-01-01,07:05,sad,2	
2014-01-01,07:07,sad,1	
2014-01-01,07:24,sad,1	
2014-01-01,07:29,sad,1	
2014-01-01,07:33,sad,1	
2014-01-01,07:41,sad,1	
2014-01-01,07:44,sad,1	
2014-01-01,07:45,sad,1	
2014-01-01,07:47,sad,1	
2014-01-01,07:52,sad,1	
2014-01-01,08:05,sad,1	
2014-01-01,08:15,sad,1	
2014-01-01,08:17,sad,1	
2014-01-01,08:18,sad,1	
2014-01-01,08:20,sad,1	
2014-01-01,08:31,sad,3	
2014-01-01,08:32,sad,2	
2014-01-01,08:33,sad,1	
2014-01-01,08:34,sad,2	
2014-01-01,08:36,sad,1	
2014-01-01,08:39,sad,1	
2014-01-01,08:53,sad,1	
2014-01-01,08:58,sad,1	
2014-01-01,09:03,sad,1	
2014-01-01,09:08,sad,1	
2014-01-01,09:09,sad,1	
2014-01-01,09:11,sad,1	
2014-01-01,09:13,sad,1	
2014-01-01,09:16,sad,1	
2014-01-01,09:19,sad,1	
2014-01-01,09:20,sad,1	
2014-01-01,09:24,sad,1	
2014-01-01,09:36,sad,2	
2014-01-01,09:38,sad,1	
2014-01-01,09:43,sad,1	
2014-01-01,09:44,sad,1	
2014-01-01,09:46,sad,1	
2014-01-01,09:53,sad,1	
2014-01-01,09:59,sad,1	
2014-01-01,10:03,sad,1	
2014-01-01,10:05,sad,1	
2014-01-01,10:17,sad,2	
2014-01-01,10:20,sad,1	
2014-01-01,10:22,sad,1	
2014-01-01,10:26,sad,1	
2014-01-01,10:36,sad,1	
2014-01-01,10:39,sad,1	
2014-01-01,10:45,sad,1	
2014-01-01,10:46,sad,1	
2014-01-01,10:59,sad,2	
2014-01-01,11:00,sad,1	
2014-01-01,11:04,sad,1	
2014-01-01,11:10,sad,1	
2014-01-01,11:32,sad,1	
2014-01-01,11:42,sad,1	
2014-01-01,11:50,sad,1	
2014-01-01,11:57,sad,1	
2014-01-01,12:02,sad,1	
2014-01-01,12:03,sad,1	
2014-01-01,12:05,sad,1	
2014-01-01,12:16,sad,1	
2014-01-01,12:42,sad,1	
2014-01-01,12:45,sad,1	
2014-01-01,12:47,sad,1	
2014-01-01,12:52,sad,1	
2014-01-01,12:53,sad,1	
2014-01-01,12:58,sad,1	
2014-01-01,13:16,sad,1	
2014-01-01,13:17,sad,1	
2014-01-01,13:18,sad,1	
2014-01-01,13:21,sad,1	
2014-01-01,13:31,sad,1	
2014-01-01,13:57,sad,1	
2014-01-01,14:10,sad,1	
2014-01-01,14:12,sad,1	
2014-01-01,14:21,sad,1	
2014-01-01,14:43,sad,1	
2014-01-01,14:47,sad,1	
2014-01-01,14:49,sad,1	
2014-01-01,14:57,sad,1	
2014-01-01,14:58,sad,1	
2014-01-01,15:17,sad,2	
2014-01-01,15:26,sad,1	
2014-01-01,15:27,sad,1	
2014-01-01,15:35,sad,2	
2014-01-01,15:48,sad,1	
2014-01-01,16:04,sad,1	
2014-01-01,16:13,sad,1	
2014-01-01,16:24,sad,1	
2014-01-01,16:33,sad,1	
2014-01-01,16:42,sad,1	
2014-01-01,16:43,sad,1	
2014-01-01,16:47,sad,1	
2014-01-01,17:00,sad,1	
2014-01-01,17:09,sad,1	
2014-01-01,17:48,sad,1	
2014-01-01,17:49,sad,2	
2014-01-01,18:01,sad,1	
2014-01-01,18:04,sad,1	
2014-01-01,18:06,sad,1	
2014-01-01,18:07,sad,1	
2014-01-01,18:11,sad,2	
2014-01-01,18:15,sad,1	
2014-01-01,18:17,sad,1	
2014-01-01,18:19,sad,1	
2014-01-01,18:20,sad,1	
2014-01-01,18:21,sad,1	
2014-01-01,18:29,sad,1	
2014-01-01,18:41,sad,1	
2014-01-01,18:47,sad,1	
2014-01-01,18:52,sad,1	
2014-01-01,18:53,sad,2	
2014-01-01,18:57,sad,1	
2014-01-01,19:03,sad,1	
2014-01-01,19:04,sad,1	
2014-01-01,19:06,sad,1	
2014-01-01,19:12,sad,2	
2014-01-01,19:17,sad,1	
2014-01-01,19:29,sad,1	
2014-01-01,19:31,sad,1	
2014-01-01,19:37,sad,2	
2014-01-01,19:38,sad,1	
2014-01-01,19:50,sad,1	
2014-01-01,19:59,sad,1	
2014-01-01,20:11,sad,1	
2014-01-01,20:44,sad,1	
2014-01-01,20:48,sad,1	
2014-01-01,20:49,sad,2	
2014-01-01,20:58,sad,2	
2014-01-01,21:07,sad,1	
2014-01-01,21:25,sad,1	
2014-01-01,21:26,sad,1	
2014-01-01,21:27,sad,1	
2014-01-01,21:34,sad,1	
2014-01-01,21:43,sad,1	
2014-01-01,21:55,sad,1	
2014-01-01,21:56,sad,1	
2014-01-01,22:00,sad,1	
2014-01-01,22:04,sad,1	
2014-01-01,22:14,sad,2	
2014-01-01,23:04,sad,1	
