Source;Target;Type;Weight;CommLink
10001;9;Directed;0.001;11
10001;88;Directed;0.001;11
10001;456;Directed;0.001;11
10001;569;Directed;0.001;11
10001;574;Directed;0.001;11
10001;640;Directed;0.001;11
10001;641;Directed;0.001;11
10001;642;Directed;0.001;11
10001;643;Directed;0.001;11
10001;644;Directed;0.001;11
10001;645;Directed;0.001;11
10001;646;Directed;0.001;11
10001;647;Directed;0.001;11
10001;648;Directed;0.001;11
10001;649;Directed;0.001;11
10001;650;Directed;0.001;11
10001;651;Directed;0.001;11
10001;653;Directed;0.001;11
10001;654;Directed;0.001;11
10001;655;Directed;0.001;11
10001;656;Directed;0.001;11
10001;657;Directed;0.001;11
10001;658;Directed;0.001;11
10001;659;Directed;0.001;11
10001;660;Directed;0.001;11
10001;661;Directed;0.001;11
10001;662;Directed;0.001;11
10001;663;Directed;0.001;11
10001;664;Directed;0.001;11
10001;665;Directed;0.001;11
10001;666;Directed;0.001;11
10001;667;Directed;0.001;11
10001;670;Directed;0.001;11
10001;671;Directed;0.001;11
10001;673;Directed;0.001;11
10001;674;Directed;0.001;11
10001;675;Directed;0.001;11
10001;676;Directed;0.001;11
10001;677;Directed;0.001;11
10001;679;Directed;0.001;11
10001;688;Directed;0.001;11
10001;689;Directed;0.001;11
10001;690;Directed;0.001;11
10001;691;Directed;0.001;11
10001;692;Directed;0.001;11
10001;693;Directed;0.001;11
10001;694;Directed;0.001;11
10001;695;Directed;0.001;11
10001;696;Directed;0.001;11
10001;697;Directed;0.001;11
10001;698;Directed;0.001;11
10001;699;Directed;0.001;11
10001;700;Directed;0.001;11
10001;701;Directed;0.001;11
10001;703;Directed;0.001;11
10001;712;Directed;0.001;11
10001;713;Directed;0.001;11
10001;714;Directed;0.001;11
10001;715;Directed;0.001;11
10001;717;Directed;0.001;11
10001;718;Directed;0.001;11
10001;719;Directed;0.001;11
10001;736;Directed;0.001;11
10001;738;Directed;0.001;11
10001;739;Directed;0.001;11
10001;740;Directed;0.001;11
10001;741;Directed;0.001;11
10001;742;Directed;0.001;11
10001;743;Directed;0.001;11
10001;744;Directed;0.001;11
10001;745;Directed;0.001;11
10001;746;Directed;0.001;11
10001;747;Directed;0.001;11
10001;748;Directed;0.001;11
10001;749;Directed;0.001;11
10001;750;Directed;0.001;11
10001;751;Directed;0.001;11
10001;752;Directed;0.001;11
10001;753;Directed;0.001;11
10001;754;Directed;0.001;11
10001;755;Directed;0.001;11
10001;756;Directed;0.001;11
10001;757;Directed;0.001;11
10001;758;Directed;0.001;11
10001;759;Directed;0.001;11
10001;760;Directed;0.001;11
10001;761;Directed;0.001;11
10001;762;Directed;0.001;11
10001;763;Directed;0.001;11
10001;764;Directed;0.001;11
10001;765;Directed;0.001;11
10001;766;Directed;0.001;11
10001;767;Directed;0.001;11
10001;972;Directed;0.001;11
10001;1013;Directed;0.001;11
10001;1100;Directed;0.001;11
10001;1418;Directed;0.001;11
10001;1419;Directed;0.001;11
10001;1538;Directed;0.001;11
10001;1584;Directed;0.001;11
10001;1634;Directed;0.001;11
10001;1747;Directed;0.001;11
10001;1792;Directed;0.001;11
10001;1793;Directed;0.001;11
10001;1794;Directed;0.001;11
10001;1796;Directed;0.001;11
10001;1797;Directed;0.001;11
10001;1798;Directed;0.001;11
10001;1799;Directed;0.001;11
10001;1800;Directed;0.001;11
10001;1801;Directed;0.001;11
10001;1802;Directed;0.001;11
10001;1803;Directed;0.001;11
10001;1804;Directed;0.001;11
10001;1805;Directed;0.001;11
10001;1806;Directed;0.001;11
10001;1807;Directed;0.001;11
10001;1808;Directed;0.001;11
10001;1809;Directed;0.001;11
10001;1810;Directed;0.001;11
10001;1811;Directed;0.001;11
10001;1812;Directed;0.001;11
10001;1813;Directed;0.001;11
10001;1814;Directed;0.001;11
10001;1815;Directed;0.001;11
10001;1816;Directed;0.001;11
10001;1817;Directed;0.001;11
10001;1818;Directed;0.001;11
10001;1819;Directed;0.001;11
10001;1820;Directed;0.001;11
10001;1821;Directed;0.001;11
10001;1822;Directed;0.001;11
10001;1823;Directed;0.001;11
10001;1824;Directed;0.001;11
10001;1825;Directed;0.001;11
10001;1826;Directed;0.001;11
10001;1827;Directed;0.001;11
10001;1828;Directed;0.001;11
10001;1829;Directed;0.001;11
10001;1830;Directed;0.001;11
10001;1831;Directed;0.001;11
10001;1832;Directed;0.001;11
10001;1833;Directed;0.001;11
10001;1834;Directed;0.001;11
10001;1835;Directed;0.001;11
10001;1836;Directed;0.001;11
10001;1837;Directed;0.001;11
10001;1838;Directed;0.001;11
10001;1839;Directed;0.001;11
10001;1844;Directed;0.001;11
10001;1845;Directed;0.001;11
10001;1847;Directed;0.001;11
10001;1900;Directed;0.001;11
10001;1901;Directed;0.001;11
10001;1952;Directed;0.001;11
10001;1953;Directed;0.001;11
10001;1954;Directed;0.001;11
10001;1955;Directed;0.001;11
10001;1958;Directed;0.001;11
10001;1959;Directed;0.001;11
10001;1968;Directed;0.001;11
10001;1969;Directed;0.001;11
10001;1970;Directed;0.001;11
10001;1971;Directed;0.001;11
10001;1972;Directed;0.001;11
10001;1973;Directed;0.001;11
10001;1974;Directed;0.001;11
10001;1975;Directed;0.001;11
10001;1976;Directed;0.001;11
10001;1977;Directed;0.001;11
10001;1978;Directed;0.001;11
10001;1979;Directed;0.001;11
10001;1980;Directed;0.001;11
10001;1981;Directed;0.001;11
10001;1982;Directed;0.001;11
10001;1983;Directed;0.001;11
10001;1984;Directed;0.001;11
10001;1985;Directed;0.001;11
10001;1986;Directed;0.001;11
10001;1987;Directed;0.001;11
10001;1988;Directed;0.001;11
10001;1989;Directed;0.001;11
10001;1990;Directed;0.001;11
10001;1991;Directed;0.001;11
10001;1992;Directed;0.001;11
10001;1993;Directed;0.001;11
10001;1994;Directed;0.001;11
10001;1996;Directed;0.001;11
10001;1999;Directed;0.001;11
10001;2000;Directed;0.001;11
10001;2001;Directed;0.001;11
10001;2002;Directed;0.001;11
10001;2003;Directed;0.001;11
10001;2004;Directed;0.001;11
10001;2005;Directed;0.001;11
10001;2006;Directed;0.001;11
10001;2007;Directed;0.001;11
10001;2008;Directed;0.001;11
10001;2009;Directed;0.001;11
10001;2010;Directed;0.001;11
10001;2011;Directed;0.001;11
10001;2012;Directed;0.001;11
10001;2013;Directed;0.001;11
10001;2014;Directed;0.001;11
10001;2015;Directed;0.001;11
10001;2016;Directed;0.001;11
10001;2017;Directed;0.001;11
10001;2018;Directed;0.001;11
10001;2019;Directed;0.001;11
10001;2020;Directed;0.001;11
10001;2021;Directed;0.001;11
10001;2022;Directed;0.001;11
10001;2023;Directed;0.001;11
10001;2024;Directed;0.001;11
10001;2025;Directed;0.001;11
10001;2026;Directed;0.001;11
10001;2027;Directed;0.001;11
10001;2028;Directed;0.001;11
10001;2029;Directed;0.001;11
10001;2030;Directed;0.001;11
10001;2031;Directed;0.001;11
10001;2032;Directed;0.001;11
10001;2033;Directed;0.001;11
10001;2034;Directed;0.001;11
10001;2035;Directed;0.001;11
10001;2036;Directed;0.001;11
10001;2037;Directed;0.001;11
10001;2038;Directed;0.001;11
10001;2039;Directed;0.001;11
10001;2040;Directed;0.001;11
10001;2041;Directed;0.001;11
10001;2042;Directed;0.001;11
10001;2043;Directed;0.001;11
10001;2044;Directed;0.001;11
10001;2045;Directed;0.001;11
10001;2046;Directed;0.001;11
10001;2047;Directed;0.001;11
10001;2048;Directed;0.001;11
10001;2049;Directed;0.001;11
10001;2050;Directed;0.001;11
10001;2051;Directed;0.001;11
10001;2052;Directed;0.001;11
10001;2053;Directed;0.001;11
10001;2054;Directed;0.001;11
10001;2055;Directed;0.001;11
10001;2056;Directed;0.001;11
10001;2057;Directed;0.001;11
10001;2058;Directed;0.001;11
10001;2059;Directed;0.001;11
10001;2060;Directed;0.001;11
10001;2061;Directed;0.001;11
10001;2062;Directed;0.001;11
10001;2063;Directed;0.001;11
10001;2064;Directed;0.001;11
10001;2065;Directed;0.001;11
10001;2066;Directed;0.001;11
10001;2067;Directed;0.001;11
10001;2068;Directed;0.001;11
10001;2069;Directed;0.001;11
10001;2070;Directed;0.001;11
10001;2071;Directed;0.001;11
10001;2072;Directed;0.001;11
10001;2073;Directed;0.001;11
10001;2074;Directed;0.001;11
10001;2075;Directed;0.001;11
10001;2076;Directed;0.001;11
10001;2077;Directed;0.001;11
10001;2078;Directed;0.001;11
10001;2079;Directed;0.001;11
10001;2080;Directed;0.001;11
10001;2081;Directed;0.001;11
10001;2082;Directed;0.001;11
10001;2083;Directed;0.001;11
10001;2084;Directed;0.001;11
10001;2086;Directed;0.001;11
10001;2087;Directed;0.001;11
10001;2088;Directed;0.001;11
10001;2089;Directed;0.001;11
10001;2090;Directed;0.001;11
10001;2091;Directed;0.001;11
10001;2092;Directed;0.001;11
10001;2093;Directed;0.001;11
10001;2094;Directed;0.001;11
10001;2095;Directed;0.001;11
10001;2096;Directed;0.001;11
10001;2097;Directed;0.001;11
10001;2098;Directed;0.001;11
10001;2099;Directed;0.001;11
10001;2100;Directed;0.001;11
10001;2101;Directed;0.001;11
10001;2102;Directed;0.001;11
10001;2103;Directed;0.001;11
10001;2104;Directed;0.001;11
10001;2105;Directed;0.001;11
10001;2106;Directed;0.001;11
10001;2107;Directed;0.001;11
10001;2108;Directed;0.001;11
10001;2109;Directed;0.001;11
10001;2110;Directed;0.001;11
10001;2111;Directed;0.001;11
10001;2112;Directed;0.001;11
10001;2113;Directed;0.001;11
10001;2114;Directed;0.001;11
10001;2115;Directed;0.001;11
10001;2116;Directed;0.001;11
10001;2117;Directed;0.001;11
10001;2118;Directed;0.001;11
10001;2119;Directed;0.001;11
10001;2120;Directed;0.001;11
10001;2121;Directed;0.001;11
10001;2122;Directed;0.001;11
10001;2123;Directed;0.001;11
10001;2124;Directed;0.001;11
10001;2125;Directed;0.001;11
10001;2126;Directed;0.001;11
10001;2127;Directed;0.001;11
10001;2128;Directed;0.001;11
10001;2129;Directed;0.001;11
10001;2130;Directed;0.001;11
10001;2131;Directed;0.001;11
10001;2132;Directed;0.001;11
10001;2133;Directed;0.001;11
10001;2134;Directed;0.001;11
10001;2135;Directed;0.001;11
10001;2137;Directed;0.001;11
10001;2138;Directed;0.001;11
10001;2139;Directed;0.001;11
10001;2140;Directed;0.001;11
10001;2141;Directed;0.001;11
10001;2142;Directed;0.001;11
10001;2143;Directed;0.001;11
10001;2163;Directed;0.001;11
10001;2164;Directed;0.001;11
10001;2165;Directed;0.001;11
10001;2166;Directed;0.001;11
10001;2167;Directed;0.001;11
10001;2168;Directed;0.001;11
10001;2169;Directed;0.001;11
10001;2170;Directed;0.001;11
10001;2171;Directed;0.001;11
10001;2172;Directed;0.001;11
10001;2173;Directed;0.001;11
10001;2174;Directed;0.001;11
10001;2175;Directed;0.001;11
10001;2228;Directed;0.001;11
10001;2231;Directed;0.001;11
10001;2280;Directed;0.001;11
10001;2281;Directed;0.001;11
10001;2282;Directed;0.001;11
10001;2560;Directed;0.001;11
10001;2561;Directed;0.001;11
10001;2562;Directed;0.001;11
10001;2563;Directed;0.001;11
10001;2564;Directed;0.001;11
10001;2565;Directed;0.001;11
10001;2566;Directed;0.001;11
10001;2567;Directed;0.001;11
10001;2568;Directed;0.001;11
10001;2569;Directed;0.001;11
10001;2570;Directed;0.001;11
10001;2571;Directed;0.001;11
10001;2572;Directed;0.001;11
10001;2573;Directed;0.001;11
10001;2574;Directed;0.001;11
10001;2575;Directed;0.001;11
10001;2576;Directed;0.001;11
10001;2577;Directed;0.001;11
10001;2578;Directed;0.001;11
10001;2579;Directed;0.001;11
10001;2580;Directed;0.001;11
10001;2581;Directed;0.001;11
10001;2582;Directed;0.001;11
10001;2583;Directed;0.001;11
10001;2584;Directed;0.001;11
10001;2585;Directed;0.001;11
10001;2586;Directed;0.001;11
10001;2587;Directed;0.001;11
10001;2588;Directed;0.001;11
10001;2589;Directed;0.001;11
10001;2590;Directed;0.001;11
10001;2591;Directed;0.001;11
10001;2592;Directed;0.001;11
10001;2593;Directed;0.001;11
10001;2594;Directed;0.001;11
10001;2595;Directed;0.001;11
10001;2596;Directed;0.001;11
10001;2597;Directed;0.001;11
10001;2598;Directed;0.001;11
10001;2599;Directed;0.001;11
10001;2601;Directed;0.001;11
10001;2602;Directed;0.001;11
10001;2603;Directed;0.001;11
10001;2624;Directed;0.001;11
10001;2625;Directed;0.001;11
10001;2626;Directed;0.001;11
10001;2627;Directed;0.001;11
10001;2628;Directed;0.001;11
10001;2629;Directed;0.001;11
10001;2630;Directed;0.001;11
10001;2631;Directed;0.001;11
10001;2632;Directed;0.001;11
10001;2633;Directed;0.001;11
10001;2634;Directed;0.001;11
10001;2635;Directed;0.001;11
10001;2636;Directed;0.001;11
10001;2637;Directed;0.001;11
10001;2638;Directed;0.001;11
10001;2639;Directed;0.001;11
10001;2640;Directed;0.001;11
10001;2641;Directed;0.001;11
10001;2642;Directed;0.001;11
10001;2643;Directed;0.001;11
10001;2644;Directed;0.001;11
10001;2645;Directed;0.001;11
10001;2646;Directed;0.001;11
10001;2647;Directed;0.001;11
10001;2648;Directed;0.001;11
10001;2649;Directed;0.001;11
10001;2650;Directed;0.001;11
10001;2651;Directed;0.001;11
10001;2652;Directed;0.001;11
10001;2653;Directed;0.001;11
10001;2654;Directed;0.001;11
10001;2655;Directed;0.001;11
10001;2656;Directed;0.001;11
10001;2657;Directed;0.001;11
10001;2658;Directed;0.001;11
10001;2659;Directed;0.001;11
10001;2660;Directed;0.001;11
10001;2661;Directed;0.001;11
10001;2662;Directed;0.001;11
10001;2663;Directed;0.001;11
10001;2664;Directed;0.001;11
10001;2665;Directed;0.001;11
10001;2666;Directed;0.001;11
10001;2667;Directed;0.001;11
10001;2668;Directed;0.001;11
10001;2669;Directed;0.001;11
10001;2670;Directed;0.001;11
10001;2671;Directed;0.001;11
10001;2672;Directed;0.001;11
10001;2673;Directed;0.001;11
10001;2674;Directed;0.001;11
10001;2675;Directed;0.001;11
10001;2676;Directed;0.001;11
10001;2677;Directed;0.001;11
10001;2678;Directed;0.001;11
10001;2679;Directed;0.001;11
10001;2680;Directed;0.001;11
10001;2681;Directed;0.001;11
10001;2682;Directed;0.001;11
10001;2683;Directed;0.001;11
10001;2684;Directed;0.001;11
10001;2685;Directed;0.001;11
10001;2686;Directed;0.001;11
10001;2687;Directed;0.001;11
10001;2816;Directed;0.001;11
10001;2817;Directed;0.001;11
10001;2818;Directed;0.001;11
10001;2819;Directed;0.001;11
10001;2820;Directed;0.001;11
10001;2821;Directed;0.001;11
10001;2822;Directed;0.001;11
10001;2823;Directed;0.001;11
10001;2824;Directed;0.001;11
10001;2825;Directed;0.001;11
10001;2826;Directed;0.001;11
10001;2827;Directed;0.001;11
10001;2828;Directed;0.001;11
10001;2829;Directed;0.001;11
10001;2830;Directed;0.001;11
10001;2831;Directed;0.001;11
10001;2832;Directed;0.001;11
10001;2833;Directed;0.001;11
10001;2834;Directed;0.001;11
10001;2835;Directed;0.001;11
10001;2836;Directed;0.001;11
10001;2837;Directed;0.001;11
10001;2838;Directed;0.001;11
10001;2839;Directed;0.001;11
10001;2840;Directed;0.001;11
10001;2841;Directed;0.001;11
10001;2842;Directed;0.001;11
10001;2843;Directed;0.001;11
10001;2844;Directed;0.001;11
10001;2845;Directed;0.001;11
10001;2846;Directed;0.001;11
10001;2847;Directed;0.001;11
10001;2848;Directed;0.001;11
10001;2849;Directed;0.001;11
10001;2850;Directed;0.001;11
10001;2851;Directed;0.001;11
10001;2852;Directed;0.001;11
10001;2853;Directed;0.001;11
10001;2854;Directed;0.001;11
10001;2855;Directed;0.001;11
10001;2856;Directed;0.001;11
10001;2857;Directed;0.001;11
10001;2858;Directed;0.001;11
10001;2859;Directed;0.001;11
10001;2860;Directed;0.001;11
10001;2861;Directed;0.001;11
10001;2862;Directed;0.001;11
10001;2863;Directed;0.001;11
10001;2864;Directed;0.001;11
10001;2865;Directed;0.001;11
10001;2866;Directed;0.001;11
10001;2867;Directed;0.001;11
10001;2868;Directed;0.001;11
10001;2869;Directed;0.001;11
10001;2870;Directed;0.001;11
10001;2871;Directed;0.001;11
10001;2872;Directed;0.001;11
10001;2873;Directed;0.001;11
10001;2874;Directed;0.001;11
10001;2875;Directed;0.001;11
10001;2876;Directed;0.001;11
10001;2877;Directed;0.001;11
10001;2878;Directed;0.001;11
10001;2879;Directed;0.001;11
10001;2880;Directed;0.001;11
10001;2881;Directed;0.001;11
10001;2882;Directed;0.001;11
10001;2883;Directed;0.001;11
10001;2884;Directed;0.001;11
10001;2885;Directed;0.001;11
10001;2886;Directed;0.001;11
10001;2887;Directed;0.001;11
10001;2888;Directed;0.001;11
10001;2889;Directed;0.001;11
10001;2890;Directed;0.001;11
10001;2891;Directed;0.001;11
10001;2892;Directed;0.001;11
10001;2893;Directed;0.001;11
10001;2894;Directed;0.001;11
10001;2895;Directed;0.001;11
10001;2896;Directed;0.001;11
10001;2897;Directed;0.001;11
10001;2898;Directed;0.001;11
10001;2899;Directed;0.001;11
10001;2900;Directed;0.001;11
10001;2901;Directed;0.001;11
10001;2902;Directed;0.001;11
10001;2903;Directed;0.001;11
10001;2904;Directed;0.001;11
10001;2905;Directed;0.001;11
10001;2906;Directed;0.001;11
10001;2907;Directed;0.001;11
10001;2908;Directed;0.001;11
10001;2909;Directed;0.001;11
10001;2910;Directed;0.001;11
10001;2911;Directed;0.001;11
10001;2912;Directed;0.001;11
10001;2913;Directed;0.001;11
10001;2914;Directed;0.001;11
10001;2915;Directed;0.001;11
10001;2916;Directed;0.001;11
10001;2917;Directed;0.001;11
10001;2918;Directed;0.001;11
10001;2919;Directed;0.001;11
10001;2920;Directed;0.001;11
10001;2921;Directed;0.001;11
10001;2922;Directed;0.001;11
10001;2923;Directed;0.001;11
10001;2924;Directed;0.001;11
10001;2925;Directed;0.001;11
10001;2926;Directed;0.001;11
10001;2927;Directed;0.001;11
10001;2928;Directed;0.001;11
10001;2929;Directed;0.001;11
10001;2930;Directed;0.001;11
10001;2931;Directed;0.001;11
10001;2932;Directed;0.001;11
10001;2933;Directed;0.001;11
10001;2934;Directed;0.001;11
10001;2935;Directed;0.001;11
10001;2936;Directed;0.001;11
10001;2937;Directed;0.001;11
10001;2938;Directed;0.001;11
10001;2939;Directed;0.001;11
10001;2940;Directed;0.001;11
10001;2941;Directed;0.001;11
10001;2942;Directed;0.001;11
10001;2943;Directed;0.001;11
10001;2944;Directed;0.001;11
10001;2945;Directed;0.001;11
10001;2946;Directed;0.001;11
10001;2947;Directed;0.001;11
10001;2948;Directed;0.001;11
10001;2949;Directed;0.001;11
10001;2950;Directed;0.001;11
10001;2951;Directed;0.001;11
10001;2952;Directed;0.001;11
10001;2953;Directed;0.001;11
10001;2954;Directed;0.001;11
10001;2955;Directed;0.001;11
10001;2956;Directed;0.001;11
10001;2957;Directed;0.001;11
10001;2958;Directed;0.001;11
10001;2959;Directed;0.001;11
10001;2960;Directed;0.001;11
10001;2961;Directed;0.001;11
10001;2962;Directed;0.001;11
10001;2963;Directed;0.001;11
10001;2964;Directed;0.001;11
10001;2965;Directed;0.001;11
10001;2966;Directed;0.001;11
10001;2967;Directed;0.001;11
10001;2968;Directed;0.001;11
10001;2969;Directed;0.001;11
10001;2970;Directed;0.001;11
10001;2971;Directed;0.001;11
10001;2972;Directed;0.001;11
10001;2973;Directed;0.001;11
10001;2974;Directed;0.001;11
10001;2975;Directed;0.001;11
10001;2976;Directed;0.001;11
10001;2977;Directed;0.001;11
10001;2978;Directed;0.001;11
10001;2979;Directed;0.001;11
10001;2980;Directed;0.001;11
10001;2981;Directed;0.001;11
10001;2982;Directed;0.001;11
10001;2983;Directed;0.001;11
10001;2984;Directed;0.001;11
10001;2985;Directed;0.001;11
10001;2986;Directed;0.001;11
10001;2987;Directed;0.001;11
10001;2988;Directed;0.001;11
10001;2989;Directed;0.001;11
10001;2990;Directed;0.001;11
10001;2991;Directed;0.001;11
10001;2992;Directed;0.001;11
10001;2993;Directed;0.001;11
10001;2994;Directed;0.001;11
10001;2995;Directed;0.001;11
10001;2996;Directed;0.001;11
10001;2997;Directed;0.001;11
10001;2998;Directed;0.001;11
10001;2999;Directed;0.001;11
10001;3000;Directed;0.001;11
10001;3001;Directed;0.001;11
10001;3002;Directed;0.001;11
10001;3003;Directed;0.001;11
10001;3004;Directed;0.001;11
10001;3005;Directed;0.001;11
10001;3006;Directed;0.001;11
10001;3007;Directed;0.001;11
10001;3008;Directed;0.001;11
10001;3009;Directed;0.001;11
10001;3010;Directed;0.001;11
10001;3011;Directed;0.001;11
10001;3012;Directed;0.001;11
10001;3013;Directed;0.001;11
10001;3014;Directed;0.001;11
10001;3015;Directed;0.001;11
10001;3016;Directed;0.001;11
10001;3017;Directed;0.001;11
10001;3018;Directed;0.001;11
10001;3019;Directed;0.001;11
10001;3020;Directed;0.001;11
10001;3021;Directed;0.001;11
10001;3022;Directed;0.001;11
10001;3023;Directed;0.001;11
10001;3024;Directed;0.001;11
10001;3025;Directed;0.001;11
10001;3026;Directed;0.001;11
10001;3027;Directed;0.001;11
10001;3028;Directed;0.001;11
10001;3029;Directed;0.001;11
10001;3030;Directed;0.001;11
10001;3031;Directed;0.001;11
10001;3032;Directed;0.001;11
10001;3033;Directed;0.001;11
10001;3034;Directed;0.001;11
10001;3035;Directed;0.001;11
10001;3036;Directed;0.001;11
10001;3037;Directed;0.001;11
10001;3038;Directed;0.001;11
10001;3039;Directed;0.001;11
10001;3040;Directed;0.001;11
10001;3041;Directed;0.001;11
10001;3042;Directed;0.001;11
10001;3043;Directed;0.001;11
10001;3044;Directed;0.001;11
10001;3045;Directed;0.001;11
10001;3046;Directed;0.001;11
10001;3047;Directed;0.001;11
10001;3048;Directed;0.001;11
10001;3049;Directed;0.001;11
10001;3050;Directed;0.001;11
10001;3051;Directed;0.001;11
10001;3052;Directed;0.001;11
10001;3053;Directed;0.001;11
10001;3054;Directed;0.001;11
10001;3055;Directed;0.001;11
10001;3056;Directed;0.001;11
10001;3057;Directed;0.001;11
10001;3058;Directed;0.001;11
10001;3059;Directed;0.001;11
10001;3060;Directed;0.001;11
10001;3061;Directed;0.001;11
10001;3062;Directed;0.001;11
10001;3063;Directed;0.001;11
10001;3064;Directed;0.001;11
10001;3065;Directed;0.001;11
10001;3066;Directed;0.001;11
10001;3067;Directed;0.001;11
10001;3068;Directed;0.001;11
10001;3069;Directed;0.001;11
10001;3070;Directed;0.001;11
10001;3071;Directed;0.001;11
10001;3072;Directed;0.001;11
10001;3073;Directed;0.001;11
10001;3074;Directed;0.001;11
10000;1;Directed;0.001;10
10000;2;Directed;0.001;10
10000;3;Directed;0.001;10
10000;4;Directed;0.001;10
10000;5;Directed;0.001;10
10000;6;Directed;0.001;10
10000;7;Directed;0.001;10
10000;8;Directed;0.001;10
10000;10;Directed;0.001;10
10000;11;Directed;0.001;10
10000;12;Directed;0.001;10
10000;13;Directed;0.001;10
10000;14;Directed;0.001;10
10000;15;Directed;0.001;10
10000;16;Directed;0.001;10
10000;17;Directed;0.001;10
10000;18;Directed;0.001;10
10000;19;Directed;0.001;10
10000;20;Directed;0.001;10
10000;21;Directed;0.001;10
10000;24;Directed;0.001;10
10000;27;Directed;0.001;10
10000;28;Directed;0.001;10
10000;29;Directed;0.001;10
10000;30;Directed;0.001;10
10000;31;Directed;0.001;10
10000;32;Directed;0.001;10
10000;33;Directed;0.001;10
10000;34;Directed;0.001;10
10000;35;Directed;0.001;10
10000;36;Directed;0.001;10
10000;37;Directed;0.001;10
10000;38;Directed;0.001;10
10000;39;Directed;0.001;10
10000;40;Directed;0.001;10
10000;41;Directed;0.001;10
10000;42;Directed;0.001;10
10000;43;Directed;0.001;10
10000;44;Directed;0.001;10
10000;45;Directed;0.001;10
10000;46;Directed;0.001;10
10000;47;Directed;0.001;10
10000;48;Directed;0.001;10
10000;49;Directed;0.001;10
10000;50;Directed;0.001;10
10000;51;Directed;0.001;10
10000;52;Directed;0.001;10
10000;53;Directed;0.001;10
10000;54;Directed;0.001;10
10000;55;Directed;0.001;10
10000;56;Directed;0.001;10
10000;57;Directed;0.001;10
10000;58;Directed;0.001;10
10000;59;Directed;0.001;10
10000;60;Directed;0.001;10
10000;61;Directed;0.001;10
10000;62;Directed;0.001;10
10000;63;Directed;0.001;10
10000;64;Directed;0.001;10
10000;65;Directed;0.001;10
10000;66;Directed;0.001;10
10000;67;Directed;0.001;10
10000;68;Directed;0.001;10
10000;69;Directed;0.001;10
10000;70;Directed;0.001;10
10000;71;Directed;0.001;10
10000;72;Directed;0.001;10
10000;73;Directed;0.001;10
10000;74;Directed;0.001;10
10000;75;Directed;0.001;10
10000;76;Directed;0.001;10
10000;77;Directed;0.001;10
10000;78;Directed;0.001;10
10000;79;Directed;0.001;10
10000;80;Directed;0.001;10
10000;81;Directed;0.001;10
10000;82;Directed;0.001;10
10000;83;Directed;0.001;10
10000;84;Directed;0.001;10
10000;85;Directed;0.001;10
10000;86;Directed;0.001;10
10000;87;Directed;0.001;10
10000;89;Directed;0.001;10
10000;90;Directed;0.001;10
10000;91;Directed;0.001;10
10000;92;Directed;0.001;10
10000;93;Directed;0.001;10
10000;94;Directed;0.001;10
10000;95;Directed;0.001;10
10000;98;Directed;0.001;10
10000;99;Directed;0.001;10
10000;100;Directed;0.001;10
10000;101;Directed;0.001;10
10000;102;Directed;0.001;10
10000;103;Directed;0.001;10
10000;104;Directed;0.001;10
10000;105;Directed;0.001;10
10000;106;Directed;0.001;10
10000;107;Directed;0.001;10
10000;108;Directed;0.001;10
10000;109;Directed;0.001;10
10000;110;Directed;0.001;10
10000;111;Directed;0.001;10
10000;112;Directed;0.001;10
10000;113;Directed;0.001;10
10000;114;Directed;0.001;10
10000;115;Directed;0.001;10
10000;116;Directed;0.001;10
10000;117;Directed;0.001;10
10000;118;Directed;0.001;10
10000;119;Directed;0.001;10
10000;120;Directed;0.001;10
10000;121;Directed;0.001;10
10000;122;Directed;0.001;10
10000;123;Directed;0.001;10
10000;124;Directed;0.001;10
10000;125;Directed;0.001;10
10000;126;Directed;0.001;10
10000;127;Directed;0.001;10
10000;128;Directed;0.001;10
10000;129;Directed;0.001;10
10000;130;Directed;0.001;10
10000;131;Directed;0.001;10
10000;132;Directed;0.001;10
10000;133;Directed;0.001;10
10000;134;Directed;0.001;10
10000;135;Directed;0.001;10
10000;136;Directed;0.001;10
10000;137;Directed;0.001;10
10000;138;Directed;0.001;10
10000;139;Directed;0.001;10
10000;140;Directed;0.001;10
10000;141;Directed;0.001;10
10000;144;Directed;0.001;10
10000;145;Directed;0.001;10
10000;146;Directed;0.001;10
10000;148;Directed;0.001;10
10000;149;Directed;0.001;10
10000;150;Directed;0.001;10
10000;151;Directed;0.001;10
10000;152;Directed;0.001;10
10000;153;Directed;0.001;10
10000;154;Directed;0.001;10
10000;155;Directed;0.001;10
10000;156;Directed;0.001;10
10000;157;Directed;0.001;10
10000;158;Directed;0.001;10
10000;159;Directed;0.001;10
10000;160;Directed;0.001;10
10000;161;Directed;0.001;10
10000;162;Directed;0.001;10
10000;163;Directed;0.001;10
10000;164;Directed;0.001;10
10000;165;Directed;0.001;10
10000;166;Directed;0.001;10
10000;167;Directed;0.001;10
10000;168;Directed;0.001;10
10000;169;Directed;0.001;10
10000;170;Directed;0.001;10
10000;171;Directed;0.001;10
10000;172;Directed;0.001;10
10000;173;Directed;0.001;10
10000;174;Directed;0.001;10
10000;176;Directed;0.001;10
10000;177;Directed;0.001;10
10000;178;Directed;0.001;10
10000;179;Directed;0.001;10
10000;180;Directed;0.001;10
10000;181;Directed;0.001;10
10000;182;Directed;0.001;10
10000;183;Directed;0.001;10
10000;184;Directed;0.001;10
10000;185;Directed;0.001;10
10000;186;Directed;0.001;10
10000;187;Directed;0.001;10
10000;188;Directed;0.001;10
10000;189;Directed;0.001;10
10000;190;Directed;0.001;10
10000;191;Directed;0.001;10
10000;192;Directed;0.001;10
10000;193;Directed;0.001;10
10000;195;Directed;0.001;10
10000;196;Directed;0.001;10
10000;197;Directed;0.001;10
10000;198;Directed;0.001;10
10000;199;Directed;0.001;10
10000;200;Directed;0.001;10
10000;201;Directed;0.001;10
10000;202;Directed;0.001;10
10000;203;Directed;0.001;10
10000;205;Directed;0.001;10
10000;206;Directed;0.001;10
10000;328;Directed;0.001;10
10000;352;Directed;0.001;10
10000;353;Directed;0.001;10
10000;354;Directed;0.001;10
10000;355;Directed;0.001;10
10000;356;Directed;0.001;10
10000;357;Directed;0.001;10
10000;358;Directed;0.001;10
10000;359;Directed;0.001;10
10000;360;Directed;0.001;10
10000;361;Directed;0.001;10
10000;362;Directed;0.001;10
10000;363;Directed;0.001;10
10000;364;Directed;0.001;10
10000;365;Directed;0.001;10
10000;366;Directed;0.001;10
10000;367;Directed;0.001;10
10000;369;Directed;0.001;10
10000;370;Directed;0.001;10
10000;371;Directed;0.001;10
10000;372;Directed;0.001;10
10000;373;Directed;0.001;10
10000;374;Directed;0.001;10
10000;375;Directed;0.001;10
10000;376;Directed;0.001;10
10000;377;Directed;0.001;10
10000;378;Directed;0.001;10
10000;379;Directed;0.001;10
10000;380;Directed;0.001;10
10000;381;Directed;0.001;10
10000;382;Directed;0.001;10
10000;383;Directed;0.001;10
10000;384;Directed;0.001;10
10000;385;Directed;0.001;10
10000;386;Directed;0.001;10
10000;387;Directed;0.001;10
10000;388;Directed;0.001;10
10000;389;Directed;0.001;10
10000;390;Directed;0.001;10
10000;391;Directed;0.001;10
10000;392;Directed;0.001;10
10000;393;Directed;0.001;10
10000;394;Directed;0.001;10
10000;395;Directed;0.001;10
10000;396;Directed;0.001;10
10000;397;Directed;0.001;10
10000;398;Directed;0.001;10
10000;399;Directed;0.001;10
10000;400;Directed;0.001;10
10000;401;Directed;0.001;10
10000;402;Directed;0.001;10
10000;403;Directed;0.001;10
10000;404;Directed;0.001;10
10000;405;Directed;0.001;10
10000;406;Directed;0.001;10
10000;407;Directed;0.001;10
10000;408;Directed;0.001;10
10000;410;Directed;0.001;10
10000;411;Directed;0.001;10
10000;412;Directed;0.001;10
10000;413;Directed;0.001;10
10000;415;Directed;0.001;10
10000;416;Directed;0.001;10
10000;417;Directed;0.001;10
10000;418;Directed;0.001;10
10000;419;Directed;0.001;10
10000;420;Directed;0.001;10
10000;421;Directed;0.001;10
10000;422;Directed;0.001;10
10000;423;Directed;0.001;10
10000;424;Directed;0.001;10
10000;425;Directed;0.001;10
10000;426;Directed;0.001;10
10000;427;Directed;0.001;10
10000;428;Directed;0.001;10
10000;429;Directed;0.001;10
10000;430;Directed;0.001;10
10000;431;Directed;0.001;10
10000;432;Directed;0.001;10
10000;433;Directed;0.001;10
10000;435;Directed;0.001;10
10000;436;Directed;0.001;10
10000;437;Directed;0.001;10
10000;438;Directed;0.001;10
10000;439;Directed;0.001;10
10000;440;Directed;0.001;10
10000;441;Directed;0.001;10
10000;442;Directed;0.001;10
10000;443;Directed;0.001;10
10000;444;Directed;0.001;10
10000;445;Directed;0.001;10
10000;446;Directed;0.001;10
10000;447;Directed;0.001;10
10000;449;Directed;0.001;10
10000;450;Directed;0.001;10
10000;451;Directed;0.001;10
10000;452;Directed;0.001;10
10000;453;Directed;0.001;10
10000;454;Directed;0.001;10
10000;455;Directed;0.001;10
10000;457;Directed;0.001;10
10000;458;Directed;0.001;10
10000;459;Directed;0.001;10
10000;460;Directed;0.001;10
10000;461;Directed;0.001;10
10000;462;Directed;0.001;10
10000;463;Directed;0.001;10
10000;464;Directed;0.001;10
10000;465;Directed;0.001;10
10000;466;Directed;0.001;10
10000;467;Directed;0.001;10
10000;468;Directed;0.001;10
10000;470;Directed;0.001;10
10000;471;Directed;0.001;10
10000;472;Directed;0.001;10
10000;473;Directed;0.001;10
10000;474;Directed;0.001;10
10000;475;Directed;0.001;10
10000;476;Directed;0.001;10
10000;477;Directed;0.001;10
10000;478;Directed;0.001;10
10000;479;Directed;0.001;10
10000;480;Directed;0.001;10
10000;481;Directed;0.001;10
10000;482;Directed;0.001;10
10000;483;Directed;0.001;10
10000;484;Directed;0.001;10
10000;485;Directed;0.001;10
10000;486;Directed;0.001;10
10000;487;Directed;0.001;10
10000;488;Directed;0.001;10
10000;489;Directed;0.001;10
10000;490;Directed;0.001;10
10000;491;Directed;0.001;10
10000;492;Directed;0.001;10
10000;493;Directed;0.001;10
10000;494;Directed;0.001;10
10000;495;Directed;0.001;10
10000;496;Directed;0.001;10
10000;497;Directed;0.001;10
10000;498;Directed;0.001;10
10000;499;Directed;0.001;10
10000;500;Directed;0.001;10
10000;502;Directed;0.001;10
10000;503;Directed;0.001;10
10000;504;Directed;0.001;10
10000;505;Directed;0.001;10
10000;506;Directed;0.001;10
10000;507;Directed;0.001;10
10000;508;Directed;0.001;10
10000;509;Directed;0.001;10
10000;510;Directed;0.001;10
10000;511;Directed;0.001;10
10000;513;Directed;0.001;10
10000;514;Directed;0.001;10
10000;515;Directed;0.001;10
10000;516;Directed;0.001;10
10000;517;Directed;0.001;10
10000;518;Directed;0.001;10
10000;519;Directed;0.001;10
10000;520;Directed;0.001;10
10000;521;Directed;0.001;10
10000;522;Directed;0.001;10
10000;523;Directed;0.001;10
10000;524;Directed;0.001;10
10000;525;Directed;0.001;10
10000;526;Directed;0.001;10
10000;527;Directed;0.001;10
10000;528;Directed;0.001;10
10000;529;Directed;0.001;10
10000;531;Directed;0.001;10
10000;533;Directed;0.001;10
10000;534;Directed;0.001;10
10000;535;Directed;0.001;10
10000;536;Directed;0.001;10
10000;537;Directed;0.001;10
10000;538;Directed;0.001;10
10000;539;Directed;0.001;10
10000;540;Directed;0.001;10
10000;541;Directed;0.001;10
10000;542;Directed;0.001;10
10000;543;Directed;0.001;10
10000;544;Directed;0.001;10
10000;545;Directed;0.001;10
10000;546;Directed;0.001;10
10000;547;Directed;0.001;10
10000;548;Directed;0.001;10
10000;549;Directed;0.001;10
10000;550;Directed;0.001;10
10000;551;Directed;0.001;10
10000;552;Directed;0.001;10
10000;553;Directed;0.001;10
10000;554;Directed;0.001;10
10000;555;Directed;0.001;10
10000;556;Directed;0.001;10
10000;557;Directed;0.001;10
10000;558;Directed;0.001;10
10000;559;Directed;0.001;10
10000;560;Directed;0.001;10
10000;561;Directed;0.001;10
10000;562;Directed;0.001;10
10000;563;Directed;0.001;10
10000;564;Directed;0.001;10
10000;565;Directed;0.001;10
10000;566;Directed;0.001;10
10000;567;Directed;0.001;10
10000;568;Directed;0.001;10
10000;570;Directed;0.001;10
10000;571;Directed;0.001;10
10000;572;Directed;0.001;10
10000;573;Directed;0.001;10
10000;575;Directed;0.001;10
10000;576;Directed;0.001;10
10000;577;Directed;0.001;10
10000;578;Directed;0.001;10
10000;581;Directed;0.001;10
10000;582;Directed;0.001;10
10000;584;Directed;0.001;10
10000;585;Directed;0.001;10
10000;586;Directed;0.001;10
10000;587;Directed;0.001;10
10000;588;Directed;0.001;10
10000;589;Directed;0.001;10
10000;590;Directed;0.001;10
10000;591;Directed;0.001;10
10000;592;Directed;0.001;10
10000;593;Directed;0.001;10
10000;594;Directed;0.001;10
10000;595;Directed;0.001;10
10000;596;Directed;0.001;10
10000;597;Directed;0.001;10
10000;598;Directed;0.001;10
10000;599;Directed;0.001;10
10000;600;Directed;0.001;10
10000;601;Directed;0.001;10
10000;602;Directed;0.001;10
10000;603;Directed;0.001;10
10000;604;Directed;0.001;10
10000;605;Directed;0.001;10
10000;606;Directed;0.001;10
10000;607;Directed;0.001;10
10000;608;Directed;0.001;10
10000;609;Directed;0.001;10
10000;610;Directed;0.001;10
10000;611;Directed;0.001;10
10000;612;Directed;0.001;10
10000;613;Directed;0.001;10
10000;614;Directed;0.001;10
10000;615;Directed;0.001;10
10000;616;Directed;0.001;10
10000;617;Directed;0.001;10
10000;618;Directed;0.001;10
10000;619;Directed;0.001;10
10000;620;Directed;0.001;10
10000;621;Directed;0.001;10
10000;622;Directed;0.001;10
10000;623;Directed;0.001;10
10000;624;Directed;0.001;10
10000;625;Directed;0.001;10
10000;626;Directed;0.001;10
10000;627;Directed;0.001;10
10000;628;Directed;0.001;10
10000;629;Directed;0.001;10
10000;630;Directed;0.001;10
10000;631;Directed;0.001;10
10000;632;Directed;0.001;10
10000;633;Directed;0.001;10
10000;634;Directed;0.001;10
10000;635;Directed;0.001;10
10000;636;Directed;0.001;10
10000;637;Directed;0.001;10
10000;638;Directed;0.001;10
10000;639;Directed;0.001;10
10000;680;Directed;0.001;10
10000;681;Directed;0.001;10
10000;682;Directed;0.001;10
10000;683;Directed;0.001;10
10000;684;Directed;0.001;10
10000;685;Directed;0.001;10
10000;686;Directed;0.001;10
10000;687;Directed;0.001;10
10000;960;Directed;0.001;10
10000;961;Directed;0.001;10
10000;962;Directed;0.001;10
10000;963;Directed;0.001;10
10000;964;Directed;0.001;10
10000;965;Directed;0.001;10
10000;966;Directed;0.001;10
10000;967;Directed;0.001;10
10000;969;Directed;0.001;10
10000;970;Directed;0.001;10
10000;976;Directed;0.001;10
10000;977;Directed;0.001;10
10000;980;Directed;0.001;10
10000;981;Directed;0.001;10
10000;982;Directed;0.001;10
10000;983;Directed;0.001;10
10000;985;Directed;0.001;10
10000;986;Directed;0.001;10
10000;987;Directed;0.001;10
10000;988;Directed;0.001;10
10000;990;Directed;0.001;10
10000;991;Directed;0.001;10
10000;996;Directed;0.001;10
10000;997;Directed;0.001;10
10000;1089;Directed;0.001;10
10000;1090;Directed;0.001;10
10000;1096;Directed;0.001;10
10000;1097;Directed;0.001;10
10000;1099;Directed;0.001;10
10000;1101;Directed;0.001;10
10000;1102;Directed;0.001;10
10000;1103;Directed;0.001;10
10000;1920;Directed;0.001;10
10000;1921;Directed;0.001;10
10000;1922;Directed;0.001;10
10000;1923;Directed;0.001;10
10000;1924;Directed;0.001;10
10000;1925;Directed;0.001;10
10000;1926;Directed;0.001;10
10000;1927;Directed;0.001;10
10000;1928;Directed;0.001;10
10000;1929;Directed;0.001;10
10000;1930;Directed;0.001;10
10000;1931;Directed;0.001;10
10000;1932;Directed;0.001;10
10000;1933;Directed;0.001;10
10000;1934;Directed;0.001;10
10000;1935;Directed;0.001;10
10000;1936;Directed;0.001;10
10000;1937;Directed;0.001;10
10000;1938;Directed;0.001;10
10000;1939;Directed;0.001;10
10000;1940;Directed;0.001;10
10000;1941;Directed;0.001;10
10000;1942;Directed;0.001;10
10000;1943;Directed;0.001;10
10000;1944;Directed;0.001;10
10000;1945;Directed;0.001;10
10000;1946;Directed;0.001;10
10000;1947;Directed;0.001;10
10000;1948;Directed;0.001;10
10000;1949;Directed;0.001;10
10000;1950;Directed;0.001;10
10000;1951;Directed;0.001;10
10000;1956;Directed;0.001;10
10000;1957;Directed;0.001;10
10000;1960;Directed;0.001;10
10000;1961;Directed;0.001;10
10000;1962;Directed;0.001;10
10000;1963;Directed;0.001;10
10000;1964;Directed;0.001;10
10000;1965;Directed;0.001;10
10000;1966;Directed;0.001;10
10000;1967;Directed;0.001;10
10000;2192;Directed;0.001;10
10000;2193;Directed;0.001;10
10000;2194;Directed;0.001;10
10000;2195;Directed;0.001;10
10000;2196;Directed;0.001;10
10000;2197;Directed;0.001;10
10003;22;Directed;0.001;13
10003;23;Directed;0.001;13
10003;25;Directed;0.001;13
10003;26;Directed;0.001;13
10003;96;Directed;0.001;13
10003;97;Directed;0.001;13
10003;142;Directed;0.001;13
10003;143;Directed;0.001;13
10003;147;Directed;0.001;13
10003;175;Directed;0.001;13
10003;204;Directed;0.001;13
10003;207;Directed;0.001;13
10003;434;Directed;0.001;13
10003;501;Directed;0.001;13
10003;530;Directed;0.001;13
10003;532;Directed;0.001;13
10003;580;Directed;0.001;13
10003;583;Directed;0.001;13
10003;652;Directed;0.001;13
10003;672;Directed;0.001;13
10003;704;Directed;0.001;13
10003;705;Directed;0.001;13
10003;706;Directed;0.001;13
10003;707;Directed;0.001;13
10003;708;Directed;0.001;13
10003;709;Directed;0.001;13
10003;710;Directed;0.001;13
10003;711;Directed;0.001;13
10003;716;Directed;0.001;13
10003;720;Directed;0.001;13
10003;721;Directed;0.001;13
10003;722;Directed;0.001;13
10003;723;Directed;0.001;13
10003;724;Directed;0.001;13
10003;725;Directed;0.001;13
10003;726;Directed;0.001;13
10003;727;Directed;0.001;13
10003;728;Directed;0.001;13
10003;729;Directed;0.001;13
10003;730;Directed;0.001;13
10003;731;Directed;0.001;13
10003;732;Directed;0.001;13
10003;733;Directed;0.001;13
10003;734;Directed;0.001;13
10003;735;Directed;0.001;13
10003;768;Directed;0.001;13
10003;769;Directed;0.001;13
10003;770;Directed;0.001;13
10003;771;Directed;0.001;13
10003;772;Directed;0.001;13
10003;773;Directed;0.001;13
10003;774;Directed;0.001;13
10003;775;Directed;0.001;13
10003;776;Directed;0.001;13
10003;777;Directed;0.001;13
10003;778;Directed;0.001;13
10003;779;Directed;0.001;13
10003;780;Directed;0.001;13
10003;781;Directed;0.001;13
10003;782;Directed;0.001;13
10003;783;Directed;0.001;13
10003;784;Directed;0.001;13
10003;785;Directed;0.001;13
10003;786;Directed;0.001;13
10003;787;Directed;0.001;13
10003;788;Directed;0.001;13
10003;789;Directed;0.001;13
10003;790;Directed;0.001;13
10003;791;Directed;0.001;13
10003;792;Directed;0.001;13
10003;793;Directed;0.001;13
10003;794;Directed;0.001;13
10003;795;Directed;0.001;13
10003;796;Directed;0.001;13
10003;797;Directed;0.001;13
10003;798;Directed;0.001;13
10003;799;Directed;0.001;13
10003;800;Directed;0.001;13
10003;801;Directed;0.001;13
10003;802;Directed;0.001;13
10003;803;Directed;0.001;13
10003;804;Directed;0.001;13
10003;805;Directed;0.001;13
10003;806;Directed;0.001;13
10003;807;Directed;0.001;13
10003;808;Directed;0.001;13
10003;809;Directed;0.001;13
10003;810;Directed;0.001;13
10003;811;Directed;0.001;13
10003;812;Directed;0.001;13
10003;813;Directed;0.001;13
10003;814;Directed;0.001;13
10003;815;Directed;0.001;13
10003;816;Directed;0.001;13
10003;817;Directed;0.001;13
10003;818;Directed;0.001;13
10003;819;Directed;0.001;13
10003;820;Directed;0.001;13
10003;821;Directed;0.001;13
10003;822;Directed;0.001;13
10003;823;Directed;0.001;13
10003;824;Directed;0.001;13
10003;825;Directed;0.001;13
10003;826;Directed;0.001;13
10003;827;Directed;0.001;13
10003;828;Directed;0.001;13
10003;829;Directed;0.001;13
10003;830;Directed;0.001;13
10003;831;Directed;0.001;13
10003;832;Directed;0.001;13
10003;833;Directed;0.001;13
10003;834;Directed;0.001;13
10003;835;Directed;0.001;13
10003;836;Directed;0.001;13
10003;837;Directed;0.001;13
10003;838;Directed;0.001;13
10003;839;Directed;0.001;13
10003;840;Directed;0.001;13
10003;841;Directed;0.001;13
10003;842;Directed;0.001;13
10003;843;Directed;0.001;13
10003;844;Directed;0.001;13
10003;845;Directed;0.001;13
10003;846;Directed;0.001;13
10003;847;Directed;0.001;13
10003;848;Directed;0.001;13
10003;849;Directed;0.001;13
10003;850;Directed;0.001;13
10003;851;Directed;0.001;13
10003;852;Directed;0.001;13
10003;853;Directed;0.001;13
10003;854;Directed;0.001;13
10003;855;Directed;0.001;13
10003;856;Directed;0.001;13
10003;857;Directed;0.001;13
10003;858;Directed;0.001;13
10003;859;Directed;0.001;13
10003;860;Directed;0.001;13
10003;861;Directed;0.001;13
10003;862;Directed;0.001;13
10003;863;Directed;0.001;13
10003;864;Directed;0.001;13
10003;865;Directed;0.001;13
10003;866;Directed;0.001;13
10003;867;Directed;0.001;13
10003;868;Directed;0.001;13
10003;869;Directed;0.001;13
10003;870;Directed;0.001;13
10003;871;Directed;0.001;13
10003;872;Directed;0.001;13
10003;873;Directed;0.001;13
10003;874;Directed;0.001;13
10003;875;Directed;0.001;13
10003;876;Directed;0.001;13
10003;877;Directed;0.001;13
10003;878;Directed;0.001;13
10003;879;Directed;0.001;13
10003;880;Directed;0.001;13
10003;881;Directed;0.001;13
10003;882;Directed;0.001;13
10003;883;Directed;0.001;13
10003;884;Directed;0.001;13
10003;885;Directed;0.001;13
10003;886;Directed;0.001;13
10003;887;Directed;0.001;13
10003;888;Directed;0.001;13
10003;889;Directed;0.001;13
10003;890;Directed;0.001;13
10003;891;Directed;0.001;13
10003;892;Directed;0.001;13
10003;893;Directed;0.001;13
10003;894;Directed;0.001;13
10003;895;Directed;0.001;13
10003;896;Directed;0.001;13
10003;897;Directed;0.001;13
10003;898;Directed;0.001;13
10003;899;Directed;0.001;13
10003;900;Directed;0.001;13
10003;901;Directed;0.001;13
10003;902;Directed;0.001;13
10003;903;Directed;0.001;13
10003;904;Directed;0.001;13
10003;905;Directed;0.001;13
10003;906;Directed;0.001;13
10003;907;Directed;0.001;13
10003;908;Directed;0.001;13
10003;909;Directed;0.001;13
10003;910;Directed;0.001;13
10003;911;Directed;0.001;13
10003;912;Directed;0.001;13
10003;913;Directed;0.001;13
10003;914;Directed;0.001;13
10003;915;Directed;0.001;13
10003;916;Directed;0.001;13
10003;917;Directed;0.001;13
10003;918;Directed;0.001;13
10003;919;Directed;0.001;13
10003;920;Directed;0.001;13
10003;921;Directed;0.001;13
10003;922;Directed;0.001;13
10003;923;Directed;0.001;13
10003;924;Directed;0.001;13
10003;925;Directed;0.001;13
10003;926;Directed;0.001;13
10003;927;Directed;0.001;13
10003;928;Directed;0.001;13
10003;929;Directed;0.001;13
10003;930;Directed;0.001;13
10003;931;Directed;0.001;13
10003;932;Directed;0.001;13
10003;933;Directed;0.001;13
10003;934;Directed;0.001;13
10003;935;Directed;0.001;13
10003;936;Directed;0.001;13
10003;937;Directed;0.001;13
10003;938;Directed;0.001;13
10003;939;Directed;0.001;13
10003;940;Directed;0.001;13
10003;941;Directed;0.001;13
10003;942;Directed;0.001;13
10003;943;Directed;0.001;13
10003;944;Directed;0.001;13
10003;945;Directed;0.001;13
10003;946;Directed;0.001;13
10003;947;Directed;0.001;13
10003;948;Directed;0.001;13
10003;949;Directed;0.001;13
10003;950;Directed;0.001;13
10003;951;Directed;0.001;13
10003;952;Directed;0.001;13
10003;953;Directed;0.001;13
10003;954;Directed;0.001;13
10003;955;Directed;0.001;13
10003;956;Directed;0.001;13
10003;957;Directed;0.001;13
10003;958;Directed;0.001;13
10003;992;Directed;0.001;13
10003;993;Directed;0.001;13
10003;994;Directed;0.001;13
10003;995;Directed;0.001;13
10003;998;Directed;0.001;13
10003;999;Directed;0.001;13
10003;1000;Directed;0.001;13
10003;1001;Directed;0.001;13
10003;1002;Directed;0.001;13
10003;1003;Directed;0.001;13
10003;1004;Directed;0.001;13
10003;1005;Directed;0.001;13
10003;1006;Directed;0.001;13
10003;1007;Directed;0.001;13
10003;1008;Directed;0.001;13
10003;1009;Directed;0.001;13
10003;1010;Directed;0.001;13
10003;1011;Directed;0.001;13
10003;1012;Directed;0.001;13
10003;1014;Directed;0.001;13
10003;1015;Directed;0.001;13
10003;1016;Directed;0.001;13
10003;1017;Directed;0.001;13
10003;1018;Directed;0.001;13
10003;1019;Directed;0.001;13
10003;1020;Directed;0.001;13
10003;1021;Directed;0.001;13
10003;1022;Directed;0.001;13
10003;1023;Directed;0.001;13
10003;1408;Directed;0.001;13
10003;1409;Directed;0.001;13
10003;1410;Directed;0.001;13
10003;1411;Directed;0.001;13
10003;1412;Directed;0.001;13
10003;1413;Directed;0.001;13
10003;1414;Directed;0.001;13
10003;1415;Directed;0.001;13
10003;1416;Directed;0.001;13
10003;1417;Directed;0.001;13
10003;1420;Directed;0.001;13
10003;1421;Directed;0.001;13
10003;1422;Directed;0.001;13
10003;1423;Directed;0.001;13
10003;1432;Directed;0.001;13
10003;1433;Directed;0.001;13
10003;1434;Directed;0.001;13
10003;1435;Directed;0.001;13
10003;1436;Directed;0.001;13
10003;1437;Directed;0.001;13
10003;1438;Directed;0.001;13
10003;1440;Directed;0.001;13
10003;1441;Directed;0.001;13
10003;1442;Directed;0.001;13
10003;1443;Directed;0.001;13
10003;1444;Directed;0.001;13
10003;1445;Directed;0.001;13
10003;1446;Directed;0.001;13
10003;1447;Directed;0.001;13
10003;1448;Directed;0.001;13
10003;1449;Directed;0.001;13
10003;1450;Directed;0.001;13
10003;1451;Directed;0.001;13
10003;1452;Directed;0.001;13
10003;1453;Directed;0.001;13
10003;1454;Directed;0.001;13
10003;1455;Directed;0.001;13
10003;1456;Directed;0.001;13
10003;1457;Directed;0.001;13
10003;1458;Directed;0.001;13
10003;1459;Directed;0.001;13
10003;1460;Directed;0.001;13
10003;1461;Directed;0.001;13
10003;1462;Directed;0.001;13
10003;1463;Directed;0.001;13
10003;1464;Directed;0.001;13
10003;1465;Directed;0.001;13
10003;1466;Directed;0.001;13
10003;1467;Directed;0.001;13
10003;1468;Directed;0.001;13
10003;1469;Directed;0.001;13
10003;1470;Directed;0.001;13
10003;1471;Directed;0.001;13
10003;1561;Directed;0.001;13
10003;1562;Directed;0.001;13
10003;1568;Directed;0.001;13
10003;1569;Directed;0.001;13
10003;1570;Directed;0.001;13
10003;1571;Directed;0.001;13
10003;1572;Directed;0.001;13
10003;1576;Directed;0.001;13
10003;1577;Directed;0.001;13
10003;1578;Directed;0.001;13
10003;1579;Directed;0.001;13
10003;1580;Directed;0.001;13
10003;1581;Directed;0.001;13
10003;1582;Directed;0.001;13
10003;1583;Directed;0.001;13
10003;1600;Directed;0.001;13
10003;1601;Directed;0.001;13
10003;1602;Directed;0.001;13
10003;1603;Directed;0.001;13
10003;1604;Directed;0.001;13
10003;1605;Directed;0.001;13
10003;1606;Directed;0.001;13
10003;1607;Directed;0.001;13
10003;1608;Directed;0.001;13
10003;1609;Directed;0.001;13
10003;1610;Directed;0.001;13
10003;1611;Directed;0.001;13
10003;1612;Directed;0.001;13
10003;1613;Directed;0.001;13
10003;1614;Directed;0.001;13
10003;1615;Directed;0.001;13
10003;1616;Directed;0.001;13
10003;1617;Directed;0.001;13
10003;1618;Directed;0.001;13
10003;1619;Directed;0.001;13
10003;1620;Directed;0.001;13
10003;1621;Directed;0.001;13
10003;1622;Directed;0.001;13
10003;1623;Directed;0.001;13
10003;1624;Directed;0.001;13
10003;1625;Directed;0.001;13
10003;1626;Directed;0.001;13
10003;1627;Directed;0.001;13
10003;1628;Directed;0.001;13
10003;1629;Directed;0.001;13
10003;1630;Directed;0.001;13
10003;1631;Directed;0.001;13
10003;1632;Directed;0.001;13
10003;1633;Directed;0.001;13
10003;1635;Directed;0.001;13
10003;1636;Directed;0.001;13
10003;1637;Directed;0.001;13
10003;1638;Directed;0.001;13
10003;1639;Directed;0.001;13
10003;1640;Directed;0.001;13
10003;1641;Directed;0.001;13
10003;1642;Directed;0.001;13
10003;1643;Directed;0.001;13
10003;1644;Directed;0.001;13
10003;1645;Directed;0.001;13
10003;1646;Directed;0.001;13
10003;1647;Directed;0.001;13
10003;1648;Directed;0.001;13
10003;1649;Directed;0.001;13
10003;1650;Directed;0.001;13
10003;1651;Directed;0.001;13
10003;1652;Directed;0.001;13
10003;1653;Directed;0.001;13
10003;1654;Directed;0.001;13
10003;1655;Directed;0.001;13
10003;1656;Directed;0.001;13
10003;1657;Directed;0.001;13
10003;1658;Directed;0.001;13
10003;1659;Directed;0.001;13
10003;1660;Directed;0.001;13
10003;1661;Directed;0.001;13
10003;1662;Directed;0.001;13
10003;1663;Directed;0.001;13
10003;1789;Directed;0.001;13
10003;1795;Directed;0.001;13
10003;1840;Directed;0.001;13
10003;1841;Directed;0.001;13
10003;1842;Directed;0.001;13
10003;1843;Directed;0.001;13
10003;1846;Directed;0.001;13
10003;1848;Directed;0.001;13
10003;1849;Directed;0.001;13
10003;1850;Directed;0.001;13
10003;1851;Directed;0.001;13
10003;1852;Directed;0.001;13
10003;1853;Directed;0.001;13
10003;1854;Directed;0.001;13
10003;1855;Directed;0.001;13
10003;1856;Directed;0.001;13
10003;1857;Directed;0.001;13
10003;1858;Directed;0.001;13
10003;1859;Directed;0.001;13
10003;1860;Directed;0.001;13
10003;1861;Directed;0.001;13
10003;1862;Directed;0.001;13
10003;1863;Directed;0.001;13
10003;1864;Directed;0.001;13
10003;1865;Directed;0.001;13
10003;1866;Directed;0.001;13
10003;1867;Directed;0.001;13
10003;1868;Directed;0.001;13
10003;1869;Directed;0.001;13
10003;1870;Directed;0.001;13
10003;1871;Directed;0.001;13
10003;1872;Directed;0.001;13
10003;1873;Directed;0.001;13
10003;1874;Directed;0.001;13
10003;1875;Directed;0.001;13
10003;1876;Directed;0.001;13
10003;1877;Directed;0.001;13
10003;1878;Directed;0.001;13
10003;1879;Directed;0.001;13
10003;1880;Directed;0.001;13
10003;1881;Directed;0.001;13
10003;1882;Directed;0.001;13
10003;1883;Directed;0.001;13
10003;1884;Directed;0.001;13
10003;1885;Directed;0.001;13
10003;1886;Directed;0.001;13
10003;1887;Directed;0.001;13
10003;1888;Directed;0.001;13
10003;1889;Directed;0.001;13
10003;1890;Directed;0.001;13
10003;1891;Directed;0.001;13
10003;1892;Directed;0.001;13
10003;1893;Directed;0.001;13
10003;1894;Directed;0.001;13
10003;1895;Directed;0.001;13
10003;1896;Directed;0.001;13
10003;1897;Directed;0.001;13
10003;1997;Directed;0.001;13
10003;1998;Directed;0.001;13
10003;2176;Directed;0.001;13
10003;2177;Directed;0.001;13
10003;2178;Directed;0.001;13
10003;2179;Directed;0.001;13
10003;2180;Directed;0.001;13
10003;2181;Directed;0.001;13
10003;2182;Directed;0.001;13
10003;2183;Directed;0.001;13
10003;2184;Directed;0.001;13
10003;2185;Directed;0.001;13
10003;2186;Directed;0.001;13
10003;2187;Directed;0.001;13
10003;2188;Directed;0.001;13
10003;2189;Directed;0.001;13
10003;2190;Directed;0.001;13
10003;2191;Directed;0.001;13
10003;2198;Directed;0.001;13
10003;2199;Directed;0.001;13
10003;2200;Directed;0.001;13
10003;2201;Directed;0.001;13
10003;2202;Directed;0.001;13
10003;2203;Directed;0.001;13
10003;2204;Directed;0.001;13
10003;2205;Directed;0.001;13
10003;2206;Directed;0.001;13
10003;2207;Directed;0.001;13
10003;2208;Directed;0.001;13
10003;2209;Directed;0.001;13
10003;2210;Directed;0.001;13
10003;2211;Directed;0.001;13
10003;2212;Directed;0.001;13
10003;2213;Directed;0.001;13
10003;2214;Directed;0.001;13
10003;2215;Directed;0.001;13
10003;2216;Directed;0.001;13
10003;2217;Directed;0.001;13
10003;2218;Directed;0.001;13
10003;2219;Directed;0.001;13
10003;2220;Directed;0.001;13
10003;2221;Directed;0.001;13
10003;2222;Directed;0.001;13
10003;2223;Directed;0.001;13
10003;2224;Directed;0.001;13
10003;2225;Directed;0.001;13
10003;2226;Directed;0.001;13
10003;2227;Directed;0.001;13
10003;2229;Directed;0.001;13
10003;2230;Directed;0.001;13
10003;2232;Directed;0.001;13
10003;2233;Directed;0.001;13
10003;2234;Directed;0.001;13
10003;2235;Directed;0.001;13
10003;2236;Directed;0.001;13
10003;2237;Directed;0.001;13
10003;2238;Directed;0.001;13
10003;2239;Directed;0.001;13
10003;2240;Directed;0.001;13
10003;2241;Directed;0.001;13
10003;2242;Directed;0.001;13
10003;2243;Directed;0.001;13
10003;2244;Directed;0.001;13
10003;2245;Directed;0.001;13
10003;2246;Directed;0.001;13
10003;2247;Directed;0.001;13
10003;2248;Directed;0.001;13
10003;2249;Directed;0.001;13
10003;2250;Directed;0.001;13
10003;2251;Directed;0.001;13
10003;2252;Directed;0.001;13
10003;2253;Directed;0.001;13
10003;2254;Directed;0.001;13
10003;2255;Directed;0.001;13
10003;2256;Directed;0.001;13
10003;2257;Directed;0.001;13
10003;2258;Directed;0.001;13
10003;2259;Directed;0.001;13
10003;2260;Directed;0.001;13
10003;2261;Directed;0.001;13
10003;2262;Directed;0.001;13
10003;2263;Directed;0.001;13
10003;2264;Directed;0.001;13
10003;2265;Directed;0.001;13
10003;2266;Directed;0.001;13
10003;2267;Directed;0.001;13
10003;2268;Directed;0.001;13
10003;2269;Directed;0.001;13
10003;2270;Directed;0.001;13
10003;2271;Directed;0.001;13
10003;2272;Directed;0.001;13
10003;2273;Directed;0.001;13
10003;2274;Directed;0.001;13
10003;2275;Directed;0.001;13
10003;2276;Directed;0.001;13
10003;2277;Directed;0.001;13
10003;2278;Directed;0.001;13
10003;2279;Directed;0.001;13
10003;2283;Directed;0.001;13
10003;2284;Directed;0.001;13
10003;2285;Directed;0.001;13
10003;2286;Directed;0.001;13
10003;2287;Directed;0.001;13
10003;2288;Directed;0.001;13
10003;2289;Directed;0.001;13
10003;2290;Directed;0.001;13
10003;2291;Directed;0.001;13
10003;2292;Directed;0.001;13
10003;2293;Directed;0.001;13
10003;2294;Directed;0.001;13
10003;2295;Directed;0.001;13
10003;2296;Directed;0.001;13
10003;2297;Directed;0.001;13
10003;2298;Directed;0.001;13
10003;2299;Directed;0.001;13
10003;2300;Directed;0.001;13
10003;2301;Directed;0.001;13
10003;2302;Directed;0.001;13
10003;2303;Directed;0.001;13
10002;702;Directed;0.001;12
10002;971;Directed;0.001;12
10002;1536;Directed;0.001;12
10002;1537;Directed;0.001;12
10002;1539;Directed;0.001;12
10002;1540;Directed;0.001;12
10002;1541;Directed;0.001;12
10002;1542;Directed;0.001;12
10002;1543;Directed;0.001;12
10002;1544;Directed;0.001;12
10002;1545;Directed;0.001;12
10002;1546;Directed;0.001;12
10002;1547;Directed;0.001;12
10002;1548;Directed;0.001;12
10002;1549;Directed;0.001;12
10002;1550;Directed;0.001;12
10002;1551;Directed;0.001;12
10002;1552;Directed;0.001;12
10002;1553;Directed;0.001;12
10002;1554;Directed;0.001;12
10002;1555;Directed;0.001;12
10002;1556;Directed;0.001;12
10002;1557;Directed;0.001;12
10002;1558;Directed;0.001;12
10002;1559;Directed;0.001;12
10002;1560;Directed;0.001;12
10002;1563;Directed;0.001;12
10002;1564;Directed;0.001;12
10002;1565;Directed;0.001;12
10002;1566;Directed;0.001;12
10002;1567;Directed;0.001;12
10002;1573;Directed;0.001;12
10002;1574;Directed;0.001;12
10002;1575;Directed;0.001;12
10002;1585;Directed;0.001;12
10002;1586;Directed;0.001;12
10002;1587;Directed;0.001;12
10002;1588;Directed;0.001;12
10002;1589;Directed;0.001;12
10002;1590;Directed;0.001;12
10002;1591;Directed;0.001;12
10002;1592;Directed;0.001;12
10002;1593;Directed;0.001;12
10002;1594;Directed;0.001;12
10002;1595;Directed;0.001;12
10002;1596;Directed;0.001;12
10002;1597;Directed;0.001;12
10002;1598;Directed;0.001;12
10002;1599;Directed;0.001;12
10002;1664;Directed;0.001;12
10002;1665;Directed;0.001;12
10002;1666;Directed;0.001;12
10002;1667;Directed;0.001;12
10002;1668;Directed;0.001;12
10002;1669;Directed;0.001;12
10002;1670;Directed;0.001;12
10002;1671;Directed;0.001;12
10002;1672;Directed;0.001;12
10002;1673;Directed;0.001;12
10002;1674;Directed;0.001;12
10002;1675;Directed;0.001;12
10002;1676;Directed;0.001;12
10002;1677;Directed;0.001;12
10002;1678;Directed;0.001;12
10002;1679;Directed;0.001;12
10002;1680;Directed;0.001;12
10002;1681;Directed;0.001;12
10002;1682;Directed;0.001;12
10002;1683;Directed;0.001;12
10002;1684;Directed;0.001;12
10002;1685;Directed;0.001;12
10002;1686;Directed;0.001;12
10002;1687;Directed;0.001;12
10002;1688;Directed;0.001;12
10002;1689;Directed;0.001;12
10002;1690;Directed;0.001;12
10002;1691;Directed;0.001;12
10002;1692;Directed;0.001;12
10002;1693;Directed;0.001;12
10002;1694;Directed;0.001;12
10002;1695;Directed;0.001;12
10002;1696;Directed;0.001;12
10002;1697;Directed;0.001;12
10002;1698;Directed;0.001;12
10002;1699;Directed;0.001;12
10002;1700;Directed;0.001;12
10002;1701;Directed;0.001;12
10002;1702;Directed;0.001;12
10002;1703;Directed;0.001;12
10002;1704;Directed;0.001;12
10002;1705;Directed;0.001;12
10002;1706;Directed;0.001;12
10002;1707;Directed;0.001;12
10002;1708;Directed;0.001;12
10002;1709;Directed;0.001;12
10002;1710;Directed;0.001;12
10002;1711;Directed;0.001;12
10002;1712;Directed;0.001;12
10002;1713;Directed;0.001;12
10002;1714;Directed;0.001;12
10002;1715;Directed;0.001;12
10002;1716;Directed;0.001;12
10002;1717;Directed;0.001;12
10002;1718;Directed;0.001;12
10002;1719;Directed;0.001;12
10002;1721;Directed;0.001;12
10002;1722;Directed;0.001;12
10002;1723;Directed;0.001;12
10002;1724;Directed;0.001;12
10002;1725;Directed;0.001;12
10002;1726;Directed;0.001;12
10002;1727;Directed;0.001;12
10002;1728;Directed;0.001;12
10002;1729;Directed;0.001;12
10002;1730;Directed;0.001;12
10002;1731;Directed;0.001;12
10002;1732;Directed;0.001;12
10002;1733;Directed;0.001;12
10002;1734;Directed;0.001;12
10002;1735;Directed;0.001;12
10002;1736;Directed;0.001;12
10002;1737;Directed;0.001;12
10002;1738;Directed;0.001;12
10002;1739;Directed;0.001;12
10002;1740;Directed;0.001;12
10002;1741;Directed;0.001;12
10002;1742;Directed;0.001;12
10002;1743;Directed;0.001;12
10002;1744;Directed;0.001;12
10002;1745;Directed;0.001;12
10002;1746;Directed;0.001;12
10002;1748;Directed;0.001;12
10002;1749;Directed;0.001;12
10002;1751;Directed;0.001;12
10002;1752;Directed;0.001;12
10002;1753;Directed;0.001;12
10002;1754;Directed;0.001;12
10002;1755;Directed;0.001;12
10002;1756;Directed;0.001;12
10002;1757;Directed;0.001;12
10002;1758;Directed;0.001;12
10002;1759;Directed;0.001;12
10002;1760;Directed;0.001;12
10002;1761;Directed;0.001;12
10002;1762;Directed;0.001;12
10002;1763;Directed;0.001;12
10002;1764;Directed;0.001;12
10002;1765;Directed;0.001;12
10002;1766;Directed;0.001;12
10002;1767;Directed;0.001;12
10002;1768;Directed;0.001;12
10002;1769;Directed;0.001;12
10002;1770;Directed;0.001;12
10002;1771;Directed;0.001;12
10002;1772;Directed;0.001;12
10002;1773;Directed;0.001;12
10002;1774;Directed;0.001;12
10002;1775;Directed;0.001;12
10002;1776;Directed;0.001;12
10002;1777;Directed;0.001;12
10002;1778;Directed;0.001;12
10002;1779;Directed;0.001;12
10002;1780;Directed;0.001;12
10002;1781;Directed;0.001;12
10002;1782;Directed;0.001;12
10002;1783;Directed;0.001;12
10002;1784;Directed;0.001;12
10002;1785;Directed;0.001;12
10002;1786;Directed;0.001;12
10002;1787;Directed;0.001;12
10002;1788;Directed;0.001;12
10002;1790;Directed;0.001;12
10002;1791;Directed;0.001;12
10002;1898;Directed;0.001;12
10002;1899;Directed;0.001;12
10002;1902;Directed;0.001;12
10002;1903;Directed;0.001;12
10002;1904;Directed;0.001;12
10002;1905;Directed;0.001;12
10002;1906;Directed;0.001;12
10002;1907;Directed;0.001;12
10002;1909;Directed;0.001;12
10002;1910;Directed;0.001;12
10002;1911;Directed;0.001;12
10002;1912;Directed;0.001;12
10002;1913;Directed;0.001;12
10002;1914;Directed;0.001;12
10002;1915;Directed;0.001;12
10002;1916;Directed;0.001;12
10002;1917;Directed;0.001;12
10002;1918;Directed;0.001;12
10002;1919;Directed;0.001;12
10005;194;Directed;0.001;15
10005;208;Directed;0.001;15
10005;209;Directed;0.001;15
10005;210;Directed;0.001;15
10005;211;Directed;0.001;15
10005;212;Directed;0.001;15
10005;213;Directed;0.001;15
10005;214;Directed;0.001;15
10005;215;Directed;0.001;15
10005;216;Directed;0.001;15
10005;217;Directed;0.001;15
10005;218;Directed;0.001;15
10005;219;Directed;0.001;15
10005;220;Directed;0.001;15
10005;221;Directed;0.001;15
10005;222;Directed;0.001;15
10005;223;Directed;0.001;15
10005;224;Directed;0.001;15
10005;225;Directed;0.001;15
10005;226;Directed;0.001;15
10005;227;Directed;0.001;15
10005;228;Directed;0.001;15
10005;229;Directed;0.001;15
10005;230;Directed;0.001;15
10005;231;Directed;0.001;15
10005;232;Directed;0.001;15
10005;233;Directed;0.001;15
10005;234;Directed;0.001;15
10005;235;Directed;0.001;15
10005;236;Directed;0.001;15
10005;237;Directed;0.001;15
10005;238;Directed;0.001;15
10005;239;Directed;0.001;15
10005;240;Directed;0.001;15
10005;241;Directed;0.001;15
10005;242;Directed;0.001;15
10005;243;Directed;0.001;15
10005;244;Directed;0.001;15
10005;245;Directed;0.001;15
10005;246;Directed;0.001;15
10005;247;Directed;0.001;15
10005;248;Directed;0.001;15
10005;249;Directed;0.001;15
10005;250;Directed;0.001;15
10005;251;Directed;0.001;15
10005;252;Directed;0.001;15
10005;253;Directed;0.001;15
10005;254;Directed;0.001;15
10005;255;Directed;0.001;15
10005;256;Directed;0.001;15
10005;257;Directed;0.001;15
10005;258;Directed;0.001;15
10005;259;Directed;0.001;15
10005;260;Directed;0.001;15
10005;261;Directed;0.001;15
10005;262;Directed;0.001;15
10005;263;Directed;0.001;15
10005;264;Directed;0.001;15
10005;265;Directed;0.001;15
10005;266;Directed;0.001;15
10005;267;Directed;0.001;15
10005;268;Directed;0.001;15
10005;269;Directed;0.001;15
10005;270;Directed;0.001;15
10005;271;Directed;0.001;15
10005;272;Directed;0.001;15
10005;273;Directed;0.001;15
10005;274;Directed;0.001;15
10005;275;Directed;0.001;15
10005;276;Directed;0.001;15
10005;277;Directed;0.001;15
10005;278;Directed;0.001;15
10005;279;Directed;0.001;15
10005;280;Directed;0.001;15
10005;281;Directed;0.001;15
10005;282;Directed;0.001;15
10005;283;Directed;0.001;15
10005;284;Directed;0.001;15
10005;285;Directed;0.001;15
10005;286;Directed;0.001;15
10005;287;Directed;0.001;15
10005;288;Directed;0.001;15
10005;289;Directed;0.001;15
10005;290;Directed;0.001;15
10005;291;Directed;0.001;15
10005;292;Directed;0.001;15
10005;293;Directed;0.001;15
10005;294;Directed;0.001;15
10005;295;Directed;0.001;15
10005;296;Directed;0.001;15
10005;297;Directed;0.001;15
10005;298;Directed;0.001;15
10005;299;Directed;0.001;15
10005;300;Directed;0.001;15
10005;301;Directed;0.001;15
10005;302;Directed;0.001;15
10005;303;Directed;0.001;15
10005;304;Directed;0.001;15
10005;305;Directed;0.001;15
10005;306;Directed;0.001;15
10005;307;Directed;0.001;15
10005;308;Directed;0.001;15
10005;309;Directed;0.001;15
10005;310;Directed;0.001;15
10005;311;Directed;0.001;15
10005;312;Directed;0.001;15
10005;313;Directed;0.001;15
10005;314;Directed;0.001;15
10005;315;Directed;0.001;15
10005;316;Directed;0.001;15
10005;317;Directed;0.001;15
10005;318;Directed;0.001;15
10005;319;Directed;0.001;15
10005;320;Directed;0.001;15
10005;321;Directed;0.001;15
10005;322;Directed;0.001;15
10005;323;Directed;0.001;15
10005;324;Directed;0.001;15
10005;325;Directed;0.001;15
10005;326;Directed;0.001;15
10005;327;Directed;0.001;15
10005;329;Directed;0.001;15
10005;330;Directed;0.001;15
10005;331;Directed;0.001;15
10005;332;Directed;0.001;15
10005;333;Directed;0.001;15
10005;334;Directed;0.001;15
10005;335;Directed;0.001;15
10005;336;Directed;0.001;15
10005;337;Directed;0.001;15
10005;338;Directed;0.001;15
10005;339;Directed;0.001;15
10005;340;Directed;0.001;15
10005;341;Directed;0.001;15
10005;342;Directed;0.001;15
10005;343;Directed;0.001;15
10005;344;Directed;0.001;15
10005;345;Directed;0.001;15
10005;346;Directed;0.001;15
10005;347;Directed;0.001;15
10005;348;Directed;0.001;15
10005;349;Directed;0.001;15
10005;350;Directed;0.001;15
10005;351;Directed;0.001;15
10005;668;Directed;0.001;15
10005;669;Directed;0.001;15
10005;737;Directed;0.001;15
10005;1320;Directed;0.001;15
10005;1321;Directed;0.001;15
10005;1326;Directed;0.001;15
10005;1720;Directed;0.001;15
10005;1750;Directed;0.001;15
10005;1908;Directed;0.001;15
10005;1995;Directed;0.001;15
10005;2085;Directed;0.001;15
10005;2136;Directed;0.001;15
10005;2144;Directed;0.001;15
10005;2145;Directed;0.001;15
10005;2146;Directed;0.001;15
10005;2147;Directed;0.001;15
10005;2148;Directed;0.001;15
10005;2149;Directed;0.001;15
10005;2150;Directed;0.001;15
10005;2151;Directed;0.001;15
10005;2152;Directed;0.001;15
10005;2153;Directed;0.001;15
10005;2154;Directed;0.001;15
10005;2155;Directed;0.001;15
10005;2156;Directed;0.001;15
10005;2157;Directed;0.001;15
10005;2158;Directed;0.001;15
10005;2159;Directed;0.001;15
10005;2160;Directed;0.001;15
10005;2161;Directed;0.001;15
10005;2162;Directed;0.001;15
10005;2304;Directed;0.001;15
10005;2305;Directed;0.001;15
10005;2306;Directed;0.001;15
10005;2307;Directed;0.001;15
10005;2308;Directed;0.001;15
10005;2309;Directed;0.001;15
10005;2310;Directed;0.001;15
10005;2311;Directed;0.001;15
10005;2312;Directed;0.001;15
10005;2313;Directed;0.001;15
10005;2314;Directed;0.001;15
10005;2315;Directed;0.001;15
10005;2316;Directed;0.001;15
10005;2317;Directed;0.001;15
10005;2318;Directed;0.001;15
10005;2319;Directed;0.001;15
10005;2320;Directed;0.001;15
10005;2321;Directed;0.001;15
10005;2322;Directed;0.001;15
10005;2323;Directed;0.001;15
10005;2324;Directed;0.001;15
10005;2325;Directed;0.001;15
10005;2326;Directed;0.001;15
10005;2327;Directed;0.001;15
10005;2328;Directed;0.001;15
10005;2329;Directed;0.001;15
10005;2330;Directed;0.001;15
10005;2331;Directed;0.001;15
10005;2332;Directed;0.001;15
10005;2333;Directed;0.001;15
10005;2334;Directed;0.001;15
10005;2335;Directed;0.001;15
10005;2336;Directed;0.001;15
10005;2337;Directed;0.001;15
10005;2338;Directed;0.001;15
10005;2339;Directed;0.001;15
10005;2340;Directed;0.001;15
10005;2341;Directed;0.001;15
10005;2342;Directed;0.001;15
10005;2343;Directed;0.001;15
10005;2344;Directed;0.001;15
10005;2345;Directed;0.001;15
10005;2346;Directed;0.001;15
10005;2347;Directed;0.001;15
10005;2348;Directed;0.001;15
10005;2349;Directed;0.001;15
10005;2350;Directed;0.001;15
10005;2351;Directed;0.001;15
10005;2352;Directed;0.001;15
10005;2353;Directed;0.001;15
10005;2354;Directed;0.001;15
10005;2355;Directed;0.001;15
10005;2356;Directed;0.001;15
10005;2357;Directed;0.001;15
10005;2358;Directed;0.001;15
10005;2359;Directed;0.001;15
10005;2360;Directed;0.001;15
10005;2361;Directed;0.001;15
10005;2362;Directed;0.001;15
10005;2363;Directed;0.001;15
10005;2364;Directed;0.001;15
10005;2365;Directed;0.001;15
10005;2366;Directed;0.001;15
10005;2367;Directed;0.001;15
10005;2368;Directed;0.001;15
10005;2369;Directed;0.001;15
10005;2370;Directed;0.001;15
10005;2371;Directed;0.001;15
10005;2372;Directed;0.001;15
10005;2373;Directed;0.001;15
10005;2374;Directed;0.001;15
10005;2375;Directed;0.001;15
10005;2376;Directed;0.001;15
10005;2377;Directed;0.001;15
10005;2378;Directed;0.001;15
10005;2379;Directed;0.001;15
10005;2380;Directed;0.001;15
10005;2381;Directed;0.001;15
10005;2382;Directed;0.001;15
10005;2383;Directed;0.001;15
10005;2384;Directed;0.001;15
10005;2385;Directed;0.001;15
10005;2386;Directed;0.001;15
10005;2387;Directed;0.001;15
10005;2388;Directed;0.001;15
10005;2389;Directed;0.001;15
10005;2390;Directed;0.001;15
10005;2391;Directed;0.001;15
10005;2392;Directed;0.001;15
10005;2393;Directed;0.001;15
10005;2394;Directed;0.001;15
10005;2395;Directed;0.001;15
10005;2396;Directed;0.001;15
10005;2397;Directed;0.001;15
10005;2398;Directed;0.001;15
10005;2399;Directed;0.001;15
10005;2400;Directed;0.001;15
10005;2401;Directed;0.001;15
10005;2402;Directed;0.001;15
10005;2403;Directed;0.001;15
10005;2404;Directed;0.001;15
10005;2405;Directed;0.001;15
10005;2406;Directed;0.001;15
10005;2407;Directed;0.001;15
10005;2408;Directed;0.001;15
10005;2409;Directed;0.001;15
10005;2410;Directed;0.001;15
10005;2411;Directed;0.001;15
10005;2412;Directed;0.001;15
10005;2413;Directed;0.001;15
10005;2414;Directed;0.001;15
10005;2415;Directed;0.001;15
10005;2416;Directed;0.001;15
10005;2417;Directed;0.001;15
10005;2418;Directed;0.001;15
10005;2419;Directed;0.001;15
10005;2420;Directed;0.001;15
10005;2421;Directed;0.001;15
10005;2422;Directed;0.001;15
10005;2423;Directed;0.001;15
10005;2424;Directed;0.001;15
10005;2425;Directed;0.001;15
10005;2426;Directed;0.001;15
10005;2427;Directed;0.001;15
10005;2428;Directed;0.001;15
10005;2429;Directed;0.001;15
10005;2430;Directed;0.001;15
10005;2431;Directed;0.001;15
10005;2432;Directed;0.001;15
10005;2433;Directed;0.001;15
10005;2434;Directed;0.001;15
10005;2435;Directed;0.001;15
10005;2436;Directed;0.001;15
10005;2437;Directed;0.001;15
10005;2438;Directed;0.001;15
10005;2439;Directed;0.001;15
10005;2440;Directed;0.001;15
10005;2441;Directed;0.001;15
10005;2442;Directed;0.001;15
10005;2443;Directed;0.001;15
10005;2444;Directed;0.001;15
10005;2445;Directed;0.001;15
10005;2446;Directed;0.001;15
10005;2447;Directed;0.001;15
10005;2448;Directed;0.001;15
10005;2449;Directed;0.001;15
10005;2450;Directed;0.001;15
10005;2451;Directed;0.001;15
10005;2452;Directed;0.001;15
10005;2453;Directed;0.001;15
10005;2454;Directed;0.001;15
10005;2455;Directed;0.001;15
10005;2456;Directed;0.001;15
10005;2457;Directed;0.001;15
10005;2458;Directed;0.001;15
10005;2459;Directed;0.001;15
10005;2460;Directed;0.001;15
10005;2461;Directed;0.001;15
10005;2462;Directed;0.001;15
10005;2463;Directed;0.001;15
10005;2464;Directed;0.001;15
10005;2465;Directed;0.001;15
10005;2466;Directed;0.001;15
10005;2467;Directed;0.001;15
10005;2468;Directed;0.001;15
10005;2469;Directed;0.001;15
10005;2470;Directed;0.001;15
10005;2471;Directed;0.001;15
10005;2472;Directed;0.001;15
10005;2473;Directed;0.001;15
10005;2474;Directed;0.001;15
10005;2475;Directed;0.001;15
10005;2476;Directed;0.001;15
10005;2477;Directed;0.001;15
10005;2478;Directed;0.001;15
10005;2479;Directed;0.001;15
10005;2480;Directed;0.001;15
10005;2481;Directed;0.001;15
10005;2482;Directed;0.001;15
10005;2483;Directed;0.001;15
10005;2484;Directed;0.001;15
10005;2485;Directed;0.001;15
10005;2486;Directed;0.001;15
10005;2487;Directed;0.001;15
10005;2488;Directed;0.001;15
10005;2489;Directed;0.001;15
10005;2490;Directed;0.001;15
10005;2491;Directed;0.001;15
10005;2492;Directed;0.001;15
10005;2493;Directed;0.001;15
10005;2494;Directed;0.001;15
10005;2495;Directed;0.001;15
10005;2496;Directed;0.001;15
10005;2497;Directed;0.001;15
10005;2498;Directed;0.001;15
10005;2499;Directed;0.001;15
10005;2500;Directed;0.001;15
10005;2501;Directed;0.001;15
10005;2502;Directed;0.001;15
10005;2503;Directed;0.001;15
10005;2504;Directed;0.001;15
10005;2505;Directed;0.001;15
10005;2506;Directed;0.001;15
10005;2507;Directed;0.001;15
10005;2508;Directed;0.001;15
10005;2509;Directed;0.001;15
10005;2510;Directed;0.001;15
10005;2511;Directed;0.001;15
10005;2512;Directed;0.001;15
10005;2513;Directed;0.001;15
10005;2514;Directed;0.001;15
10005;2515;Directed;0.001;15
10005;2516;Directed;0.001;15
10005;2517;Directed;0.001;15
10005;2518;Directed;0.001;15
10005;2519;Directed;0.001;15
10005;2520;Directed;0.001;15
10005;2521;Directed;0.001;15
10005;2522;Directed;0.001;15
10005;2523;Directed;0.001;15
10005;2524;Directed;0.001;15
10005;2525;Directed;0.001;15
10005;2526;Directed;0.001;15
10005;2527;Directed;0.001;15
10005;2528;Directed;0.001;15
10005;2529;Directed;0.001;15
10005;2530;Directed;0.001;15
10005;2531;Directed;0.001;15
10005;2532;Directed;0.001;15
10005;2533;Directed;0.001;15
10005;2534;Directed;0.001;15
10005;2535;Directed;0.001;15
10005;2536;Directed;0.001;15
10005;2537;Directed;0.001;15
10005;2538;Directed;0.001;15
10005;2539;Directed;0.001;15
10005;2540;Directed;0.001;15
10005;2541;Directed;0.001;15
10005;2542;Directed;0.001;15
10005;2543;Directed;0.001;15
10005;2544;Directed;0.001;15
10005;2545;Directed;0.001;15
10005;2546;Directed;0.001;15
10005;2547;Directed;0.001;15
10005;2548;Directed;0.001;15
10005;2549;Directed;0.001;15
10005;2550;Directed;0.001;15
10005;2551;Directed;0.001;15
10005;2552;Directed;0.001;15
10005;2553;Directed;0.001;15
10005;2554;Directed;0.001;15
10005;2555;Directed;0.001;15
10005;2556;Directed;0.001;15
10005;2557;Directed;0.001;15
10005;2558;Directed;0.001;15
10005;2559;Directed;0.001;15
10005;2600;Directed;0.001;15
10005;2604;Directed;0.001;15
10005;2605;Directed;0.001;15
10005;2606;Directed;0.001;15
10005;2607;Directed;0.001;15
10005;2608;Directed;0.001;15
10005;2609;Directed;0.001;15
10005;2610;Directed;0.001;15
10005;2611;Directed;0.001;15
10005;2612;Directed;0.001;15
10005;2613;Directed;0.001;15
10005;2614;Directed;0.001;15
10005;2615;Directed;0.001;15
10005;2616;Directed;0.001;15
10005;2617;Directed;0.001;15
10005;2618;Directed;0.001;15
10005;2619;Directed;0.001;15
10005;2620;Directed;0.001;15
10005;2621;Directed;0.001;15
10005;2622;Directed;0.001;15
10005;2623;Directed;0.001;15
10005;2688;Directed;0.001;15
10005;2689;Directed;0.001;15
10005;2690;Directed;0.001;15
10005;2691;Directed;0.001;15
10005;2692;Directed;0.001;15
10005;2693;Directed;0.001;15
10005;2694;Directed;0.001;15
10005;2695;Directed;0.001;15
10005;2696;Directed;0.001;15
10005;2697;Directed;0.001;15
10005;2698;Directed;0.001;15
10005;2699;Directed;0.001;15
10005;2700;Directed;0.001;15
10005;2701;Directed;0.001;15
10005;2702;Directed;0.001;15
10005;2703;Directed;0.001;15
10005;2704;Directed;0.001;15
10005;2705;Directed;0.001;15
10005;2706;Directed;0.001;15
10005;2707;Directed;0.001;15
10005;2708;Directed;0.001;15
10005;2709;Directed;0.001;15
10005;2710;Directed;0.001;15
10005;2711;Directed;0.001;15
10005;2712;Directed;0.001;15
10005;2713;Directed;0.001;15
10005;2714;Directed;0.001;15
10005;2715;Directed;0.001;15
10005;2716;Directed;0.001;15
10005;2717;Directed;0.001;15
10005;2718;Directed;0.001;15
10005;2719;Directed;0.001;15
10005;2720;Directed;0.001;15
10005;2721;Directed;0.001;15
10005;2722;Directed;0.001;15
10005;2723;Directed;0.001;15
10005;2724;Directed;0.001;15
10005;2725;Directed;0.001;15
10005;2726;Directed;0.001;15
10005;2727;Directed;0.001;15
10005;2728;Directed;0.001;15
10005;2729;Directed;0.001;15
10005;2730;Directed;0.001;15
10005;2731;Directed;0.001;15
10005;2732;Directed;0.001;15
10005;2733;Directed;0.001;15
10005;2734;Directed;0.001;15
10005;2735;Directed;0.001;15
10005;2736;Directed;0.001;15
10005;2737;Directed;0.001;15
10005;2738;Directed;0.001;15
10005;2739;Directed;0.001;15
10005;2740;Directed;0.001;15
10005;2741;Directed;0.001;15
10005;2742;Directed;0.001;15
10005;2743;Directed;0.001;15
10005;2744;Directed;0.001;15
10005;2745;Directed;0.001;15
10005;2746;Directed;0.001;15
10005;2747;Directed;0.001;15
10005;2748;Directed;0.001;15
10005;2749;Directed;0.001;15
10005;2750;Directed;0.001;15
10005;2751;Directed;0.001;15
10005;2752;Directed;0.001;15
10005;2753;Directed;0.001;15
10005;2754;Directed;0.001;15
10005;2755;Directed;0.001;15
10005;2756;Directed;0.001;15
10005;2757;Directed;0.001;15
10005;2758;Directed;0.001;15
10005;2759;Directed;0.001;15
10005;2760;Directed;0.001;15
10005;2761;Directed;0.001;15
10005;2762;Directed;0.001;15
10005;2763;Directed;0.001;15
10005;2764;Directed;0.001;15
10005;2765;Directed;0.001;15
10005;2766;Directed;0.001;15
10005;2767;Directed;0.001;15
10005;2768;Directed;0.001;15
10005;2769;Directed;0.001;15
10005;2770;Directed;0.001;15
10005;2771;Directed;0.001;15
10005;2772;Directed;0.001;15
10005;2773;Directed;0.001;15
10005;2774;Directed;0.001;15
10005;2775;Directed;0.001;15
10005;2776;Directed;0.001;15
10005;2777;Directed;0.001;15
10005;2778;Directed;0.001;15
10005;2779;Directed;0.001;15
10005;2780;Directed;0.001;15
10005;2781;Directed;0.001;15
10005;2782;Directed;0.001;15
10005;2783;Directed;0.001;15
10005;2784;Directed;0.001;15
10005;2785;Directed;0.001;15
10005;2786;Directed;0.001;15
10005;2787;Directed;0.001;15
10005;2788;Directed;0.001;15
10005;2789;Directed;0.001;15
10005;2790;Directed;0.001;15
10005;2791;Directed;0.001;15
10005;2792;Directed;0.001;15
10005;2793;Directed;0.001;15
10005;2794;Directed;0.001;15
10005;2795;Directed;0.001;15
10005;2796;Directed;0.001;15
10005;2797;Directed;0.001;15
10005;2798;Directed;0.001;15
10005;2799;Directed;0.001;15
10005;2800;Directed;0.001;15
10005;2801;Directed;0.001;15
10005;2802;Directed;0.001;15
10005;2803;Directed;0.001;15
10005;2804;Directed;0.001;15
10005;2805;Directed;0.001;15
10005;2806;Directed;0.001;15
10005;2807;Directed;0.001;15
10005;2808;Directed;0.001;15
10005;2809;Directed;0.001;15
10005;2810;Directed;0.001;15
10005;2811;Directed;0.001;15
10005;2812;Directed;0.001;15
10005;2813;Directed;0.001;15
10005;2814;Directed;0.001;15
10005;2815;Directed;0.001;15
10004;368;Directed;0.001;14
10004;409;Directed;0.001;14
10004;414;Directed;0.001;14
10004;448;Directed;0.001;14
10004;469;Directed;0.001;14
10004;512;Directed;0.001;14
10004;579;Directed;0.001;14
10004;678;Directed;0.001;14
10004;959;Directed;0.001;14
10004;968;Directed;0.001;14
10004;973;Directed;0.001;14
10004;974;Directed;0.001;14
10004;975;Directed;0.001;14
10004;978;Directed;0.001;14
10004;979;Directed;0.001;14
10004;984;Directed;0.001;14
10004;989;Directed;0.001;14
10004;1024;Directed;0.001;14
10004;1025;Directed;0.001;14
10004;1026;Directed;0.001;14
10004;1027;Directed;0.001;14
10004;1028;Directed;0.001;14
10004;1029;Directed;0.001;14
10004;1030;Directed;0.001;14
10004;1031;Directed;0.001;14
10004;1032;Directed;0.001;14
10004;1033;Directed;0.001;14
10004;1034;Directed;0.001;14
10004;1035;Directed;0.001;14
10004;1036;Directed;0.001;14
10004;1037;Directed;0.001;14
10004;1038;Directed;0.001;14
10004;1039;Directed;0.001;14
10004;1040;Directed;0.001;14
10004;1041;Directed;0.001;14
10004;1042;Directed;0.001;14
10004;1043;Directed;0.001;14
10004;1044;Directed;0.001;14
10004;1045;Directed;0.001;14
10004;1046;Directed;0.001;14
10004;1047;Directed;0.001;14
10004;1048;Directed;0.001;14
10004;1049;Directed;0.001;14
10004;1050;Directed;0.001;14
10004;1051;Directed;0.001;14
10004;1052;Directed;0.001;14
10004;1053;Directed;0.001;14
10004;1054;Directed;0.001;14
10004;1055;Directed;0.001;14
10004;1056;Directed;0.001;14
10004;1057;Directed;0.001;14
10004;1058;Directed;0.001;14
10004;1059;Directed;0.001;14
10004;1060;Directed;0.001;14
10004;1061;Directed;0.001;14
10004;1062;Directed;0.001;14
10004;1063;Directed;0.001;14
10004;1064;Directed;0.001;14
10004;1065;Directed;0.001;14
10004;1066;Directed;0.001;14
10004;1067;Directed;0.001;14
10004;1068;Directed;0.001;14
10004;1069;Directed;0.001;14
10004;1070;Directed;0.001;14
10004;1071;Directed;0.001;14
10004;1072;Directed;0.001;14
10004;1073;Directed;0.001;14
10004;1074;Directed;0.001;14
10004;1075;Directed;0.001;14
10004;1076;Directed;0.001;14
10004;1077;Directed;0.001;14
10004;1078;Directed;0.001;14
10004;1079;Directed;0.001;14
10004;1080;Directed;0.001;14
10004;1081;Directed;0.001;14
10004;1082;Directed;0.001;14
10004;1083;Directed;0.001;14
10004;1084;Directed;0.001;14
10004;1085;Directed;0.001;14
10004;1086;Directed;0.001;14
10004;1087;Directed;0.001;14
10004;1088;Directed;0.001;14
10004;1091;Directed;0.001;14
10004;1092;Directed;0.001;14
10004;1093;Directed;0.001;14
10004;1094;Directed;0.001;14
10004;1095;Directed;0.001;14
10004;1098;Directed;0.001;14
10004;1104;Directed;0.001;14
10004;1105;Directed;0.001;14
10004;1106;Directed;0.001;14
10004;1107;Directed;0.001;14
10004;1108;Directed;0.001;14
10004;1109;Directed;0.001;14
10004;1110;Directed;0.001;14
10004;1111;Directed;0.001;14
10004;1112;Directed;0.001;14
10004;1113;Directed;0.001;14
10004;1114;Directed;0.001;14
10004;1115;Directed;0.001;14
10004;1116;Directed;0.001;14
10004;1117;Directed;0.001;14
10004;1118;Directed;0.001;14
10004;1119;Directed;0.001;14
10004;1120;Directed;0.001;14
10004;1121;Directed;0.001;14
10004;1122;Directed;0.001;14
10004;1123;Directed;0.001;14
10004;1124;Directed;0.001;14
10004;1125;Directed;0.001;14
10004;1126;Directed;0.001;14
10004;1127;Directed;0.001;14
10004;1128;Directed;0.001;14
10004;1129;Directed;0.001;14
10004;1130;Directed;0.001;14
10004;1131;Directed;0.001;14
10004;1132;Directed;0.001;14
10004;1133;Directed;0.001;14
10004;1134;Directed;0.001;14
10004;1135;Directed;0.001;14
10004;1136;Directed;0.001;14
10004;1137;Directed;0.001;14
10004;1138;Directed;0.001;14
10004;1139;Directed;0.001;14
10004;1140;Directed;0.001;14
10004;1141;Directed;0.001;14
10004;1142;Directed;0.001;14
10004;1143;Directed;0.001;14
10004;1144;Directed;0.001;14
10004;1145;Directed;0.001;14
10004;1146;Directed;0.001;14
10004;1147;Directed;0.001;14
10004;1148;Directed;0.001;14
10004;1149;Directed;0.001;14
10004;1150;Directed;0.001;14
10004;1151;Directed;0.001;14
10004;1152;Directed;0.001;14
10004;1153;Directed;0.001;14
10004;1154;Directed;0.001;14
10004;1155;Directed;0.001;14
10004;1156;Directed;0.001;14
10004;1157;Directed;0.001;14
10004;1158;Directed;0.001;14
10004;1159;Directed;0.001;14
10004;1160;Directed;0.001;14
10004;1161;Directed;0.001;14
10004;1162;Directed;0.001;14
10004;1163;Directed;0.001;14
10004;1164;Directed;0.001;14
10004;1165;Directed;0.001;14
10004;1166;Directed;0.001;14
10004;1167;Directed;0.001;14
10004;1168;Directed;0.001;14
10004;1169;Directed;0.001;14
10004;1170;Directed;0.001;14
10004;1171;Directed;0.001;14
10004;1172;Directed;0.001;14
10004;1173;Directed;0.001;14
10004;1174;Directed;0.001;14
10004;1175;Directed;0.001;14
10004;1176;Directed;0.001;14
10004;1177;Directed;0.001;14
10004;1178;Directed;0.001;14
10004;1179;Directed;0.001;14
10004;1180;Directed;0.001;14
10004;1181;Directed;0.001;14
10004;1182;Directed;0.001;14
10004;1183;Directed;0.001;14
10004;1184;Directed;0.001;14
10004;1185;Directed;0.001;14
10004;1186;Directed;0.001;14
10004;1187;Directed;0.001;14
10004;1188;Directed;0.001;14
10004;1189;Directed;0.001;14
10004;1190;Directed;0.001;14
10004;1191;Directed;0.001;14
10004;1192;Directed;0.001;14
10004;1193;Directed;0.001;14
10004;1194;Directed;0.001;14
10004;1195;Directed;0.001;14
10004;1196;Directed;0.001;14
10004;1197;Directed;0.001;14
10004;1198;Directed;0.001;14
10004;1199;Directed;0.001;14
10004;1200;Directed;0.001;14
10004;1201;Directed;0.001;14
10004;1202;Directed;0.001;14
10004;1203;Directed;0.001;14
10004;1204;Directed;0.001;14
10004;1205;Directed;0.001;14
10004;1206;Directed;0.001;14
10004;1207;Directed;0.001;14
10004;1208;Directed;0.001;14
10004;1209;Directed;0.001;14
10004;1210;Directed;0.001;14
10004;1211;Directed;0.001;14
10004;1212;Directed;0.001;14
10004;1213;Directed;0.001;14
10004;1214;Directed;0.001;14
10004;1215;Directed;0.001;14
10004;1216;Directed;0.001;14
10004;1217;Directed;0.001;14
10004;1218;Directed;0.001;14
10004;1219;Directed;0.001;14
10004;1220;Directed;0.001;14
10004;1221;Directed;0.001;14
10004;1222;Directed;0.001;14
10004;1223;Directed;0.001;14
10004;1224;Directed;0.001;14
10004;1225;Directed;0.001;14
10004;1226;Directed;0.001;14
10004;1227;Directed;0.001;14
10004;1228;Directed;0.001;14
10004;1229;Directed;0.001;14
10004;1230;Directed;0.001;14
10004;1231;Directed;0.001;14
10004;1232;Directed;0.001;14
10004;1233;Directed;0.001;14
10004;1234;Directed;0.001;14
10004;1235;Directed;0.001;14
10004;1236;Directed;0.001;14
10004;1237;Directed;0.001;14
10004;1238;Directed;0.001;14
10004;1239;Directed;0.001;14
10004;1240;Directed;0.001;14
10004;1241;Directed;0.001;14
10004;1242;Directed;0.001;14
10004;1243;Directed;0.001;14
10004;1244;Directed;0.001;14
10004;1245;Directed;0.001;14
10004;1246;Directed;0.001;14
10004;1247;Directed;0.001;14
10004;1248;Directed;0.001;14
10004;1249;Directed;0.001;14
10004;1250;Directed;0.001;14
10004;1251;Directed;0.001;14
10004;1252;Directed;0.001;14
10004;1253;Directed;0.001;14
10004;1254;Directed;0.001;14
10004;1255;Directed;0.001;14
10004;1256;Directed;0.001;14
10004;1257;Directed;0.001;14
10004;1258;Directed;0.001;14
10004;1259;Directed;0.001;14
10004;1260;Directed;0.001;14
10004;1261;Directed;0.001;14
10004;1262;Directed;0.001;14
10004;1263;Directed;0.001;14
10004;1264;Directed;0.001;14
10004;1265;Directed;0.001;14
10004;1266;Directed;0.001;14
10004;1267;Directed;0.001;14
10004;1268;Directed;0.001;14
10004;1269;Directed;0.001;14
10004;1270;Directed;0.001;14
10004;1271;Directed;0.001;14
10004;1272;Directed;0.001;14
10004;1273;Directed;0.001;14
10004;1274;Directed;0.001;14
10004;1275;Directed;0.001;14
10004;1276;Directed;0.001;14
10004;1277;Directed;0.001;14
10004;1278;Directed;0.001;14
10004;1279;Directed;0.001;14
10004;1280;Directed;0.001;14
10004;1281;Directed;0.001;14
10004;1282;Directed;0.001;14
10004;1283;Directed;0.001;14
10004;1284;Directed;0.001;14
10004;1285;Directed;0.001;14
10004;1286;Directed;0.001;14
10004;1287;Directed;0.001;14
10004;1288;Directed;0.001;14
10004;1289;Directed;0.001;14
10004;1290;Directed;0.001;14
10004;1291;Directed;0.001;14
10004;1292;Directed;0.001;14
10004;1293;Directed;0.001;14
10004;1294;Directed;0.001;14
10004;1295;Directed;0.001;14
10004;1296;Directed;0.001;14
10004;1297;Directed;0.001;14
10004;1298;Directed;0.001;14
10004;1299;Directed;0.001;14
10004;1300;Directed;0.001;14
10004;1301;Directed;0.001;14
10004;1302;Directed;0.001;14
10004;1303;Directed;0.001;14
10004;1304;Directed;0.001;14
10004;1305;Directed;0.001;14
10004;1306;Directed;0.001;14
10004;1307;Directed;0.001;14
10004;1308;Directed;0.001;14
10004;1309;Directed;0.001;14
10004;1310;Directed;0.001;14
10004;1311;Directed;0.001;14
10004;1312;Directed;0.001;14
10004;1313;Directed;0.001;14
10004;1314;Directed;0.001;14
10004;1315;Directed;0.001;14
10004;1316;Directed;0.001;14
10004;1317;Directed;0.001;14
10004;1318;Directed;0.001;14
10004;1319;Directed;0.001;14
10004;1322;Directed;0.001;14
10004;1323;Directed;0.001;14
10004;1324;Directed;0.001;14
10004;1325;Directed;0.001;14
10004;1327;Directed;0.001;14
10004;1328;Directed;0.001;14
10004;1329;Directed;0.001;14
10004;1330;Directed;0.001;14
10004;1331;Directed;0.001;14
10004;1332;Directed;0.001;14
10004;1333;Directed;0.001;14
10004;1334;Directed;0.001;14
10004;1335;Directed;0.001;14
10004;1336;Directed;0.001;14
10004;1337;Directed;0.001;14
10004;1338;Directed;0.001;14
10004;1339;Directed;0.001;14
10004;1340;Directed;0.001;14
10004;1341;Directed;0.001;14
10004;1342;Directed;0.001;14
10004;1343;Directed;0.001;14
10004;1344;Directed;0.001;14
10004;1345;Directed;0.001;14
10004;1346;Directed;0.001;14
10004;1347;Directed;0.001;14
10004;1348;Directed;0.001;14
10004;1349;Directed;0.001;14
10004;1350;Directed;0.001;14
10004;1351;Directed;0.001;14
10004;1352;Directed;0.001;14
10004;1353;Directed;0.001;14
10004;1354;Directed;0.001;14
10004;1355;Directed;0.001;14
10004;1356;Directed;0.001;14
10004;1357;Directed;0.001;14
10004;1358;Directed;0.001;14
10004;1359;Directed;0.001;14
10004;1360;Directed;0.001;14
10004;1361;Directed;0.001;14
10004;1362;Directed;0.001;14
10004;1363;Directed;0.001;14
10004;1364;Directed;0.001;14
10004;1365;Directed;0.001;14
10004;1366;Directed;0.001;14
10004;1367;Directed;0.001;14
10004;1368;Directed;0.001;14
10004;1369;Directed;0.001;14
10004;1370;Directed;0.001;14
10004;1371;Directed;0.001;14
10004;1372;Directed;0.001;14
10004;1373;Directed;0.001;14
10004;1374;Directed;0.001;14
10004;1375;Directed;0.001;14
10004;1376;Directed;0.001;14
10004;1377;Directed;0.001;14
10004;1378;Directed;0.001;14
10004;1379;Directed;0.001;14
10004;1380;Directed;0.001;14
10004;1381;Directed;0.001;14
10004;1382;Directed;0.001;14
10004;1383;Directed;0.001;14
10004;1384;Directed;0.001;14
10004;1385;Directed;0.001;14
10004;1386;Directed;0.001;14
10004;1387;Directed;0.001;14
10004;1388;Directed;0.001;14
10004;1389;Directed;0.001;14
10004;1390;Directed;0.001;14
10004;1391;Directed;0.001;14
10004;1392;Directed;0.001;14
10004;1393;Directed;0.001;14
10004;1394;Directed;0.001;14
10004;1395;Directed;0.001;14
10004;1396;Directed;0.001;14
10004;1397;Directed;0.001;14
10004;1398;Directed;0.001;14
10004;1399;Directed;0.001;14
10004;1400;Directed;0.001;14
10004;1401;Directed;0.001;14
10004;1402;Directed;0.001;14
10004;1403;Directed;0.001;14
10004;1404;Directed;0.001;14
10004;1405;Directed;0.001;14
10004;1406;Directed;0.001;14
10004;1407;Directed;0.001;14
10004;1424;Directed;0.001;14
10004;1425;Directed;0.001;14
10004;1426;Directed;0.001;14
10004;1427;Directed;0.001;14
10004;1428;Directed;0.001;14
10004;1429;Directed;0.001;14
10004;1430;Directed;0.001;14
10004;1431;Directed;0.001;14
10004;1439;Directed;0.001;14
10004;1472;Directed;0.001;14
10004;1473;Directed;0.001;14
10004;1474;Directed;0.001;14
10004;1475;Directed;0.001;14
10004;1476;Directed;0.001;14
10004;1477;Directed;0.001;14
10004;1478;Directed;0.001;14
10004;1479;Directed;0.001;14
10004;1480;Directed;0.001;14
10004;1481;Directed;0.001;14
10004;1482;Directed;0.001;14
10004;1483;Directed;0.001;14
10004;1484;Directed;0.001;14
10004;1485;Directed;0.001;14
10004;1486;Directed;0.001;14
10004;1487;Directed;0.001;14
10004;1488;Directed;0.001;14
10004;1489;Directed;0.001;14
10004;1490;Directed;0.001;14
10004;1491;Directed;0.001;14
10004;1492;Directed;0.001;14
10004;1493;Directed;0.001;14
10004;1494;Directed;0.001;14
10004;1495;Directed;0.001;14
10004;1496;Directed;0.001;14
10004;1497;Directed;0.001;14
10004;1498;Directed;0.001;14
10004;1499;Directed;0.001;14
10004;1500;Directed;0.001;14
10004;1501;Directed;0.001;14
10004;1502;Directed;0.001;14
10004;1503;Directed;0.001;14
10004;1504;Directed;0.001;14
10004;1505;Directed;0.001;14
10004;1506;Directed;0.001;14
10004;1507;Directed;0.001;14
10004;1508;Directed;0.001;14
10004;1509;Directed;0.001;14
10004;1510;Directed;0.001;14
10004;1511;Directed;0.001;14
10004;1512;Directed;0.001;14
10004;1513;Directed;0.001;14
10004;1514;Directed;0.001;14
10004;1515;Directed;0.001;14
10004;1516;Directed;0.001;14
10004;1517;Directed;0.001;14
10004;1518;Directed;0.001;14
10004;1519;Directed;0.001;14
10004;1520;Directed;0.001;14
10004;1521;Directed;0.001;14
10004;1522;Directed;0.001;14
10004;1523;Directed;0.001;14
10004;1524;Directed;0.001;14
10004;1525;Directed;0.001;14
10004;1526;Directed;0.001;14
10004;1527;Directed;0.001;14
10004;1528;Directed;0.001;14
10004;1529;Directed;0.001;14
10004;1530;Directed;0.001;14
10004;1531;Directed;0.001;14
10004;1532;Directed;0.001;14
10004;1533;Directed;0.001;14
10004;1534;Directed;0.001;14
10004;1535;Directed;0.001;14